,profile_id,orgc_stock_mineral,orgc_stock_organic,top_cm,bot_cm,mineral_fraction,organic_fraction,DATEYR,LATDD,LONDD
0,AL0007,12.11205,0.0,0,100,1.0,0.0,1994.0,41.06944,19.99556
1,AL0008,6.7996799999999995,0.0,0,100,1.0,0.0,1994.0,40.215,20.64722
2,AL0010,15.78198,0.0,0,100,1.0,0.0,1994.0,40.34528,19.48361
3,AL0011,17.50674,0.0,0,100,1.0,0.0,1994.0,41.37778,19.77028
4,AL0012,7.5599300000000005,0.0,0,100,1.0,0.0,1994.0,40.65528,20.95889
5,AL0013,10.76941,0.0,0,100,1.0,0.0,1994.0,40.56444,20.7325
6,AL0014,13.01224,0.0,0,100,1.0,0.0,1994.0,41.69278,20.40639
7,AL0015,20.596219999999995,0.0,0,100,1.0,0.0,1994.0,41.37,19.7625
8,AL0016,103.02074,0.0,0,100,1.0,0.0,1994.0,40.72167,20.71083
9,AL0018,15.430079999999998,0.0,0,100,1.0,0.0,1994.0,42.09194,19.50972
10,AL0019,13.917440000000001,0.0,0,100,1.0,0.0,1994.0,40.71556,92.41667
11,AL0020,81.35834,0.0,0,100,1.0,0.0,1994.0,40.98583,19.64611
12,AL0021,9.929599999999999,0.0,0,100,1.0,0.0,1994.0,41.6275,19.99417
13,AL0022,14.889439999999999,0.0,0,100,1.0,0.0,1994.0,42.075,20.325
14,AL0023,19.58475,0.0,0,100,1.0,0.0,1994.0,40.95083,19.6875
15,AL0024,11.03336,0.0,0,100,1.0,0.0,1995.0,42.00083,19.52694
16,AL0025,24.88955,0.0,0,100,1.0,0.0,1995.0,41.63778,19.68361
17,AL0026,16.680480000000003,0.0,0,100,1.0,0.0,1995.0,41.18583,19.53556
18,AL0027,11.51044,0.0,0,100,1.0,0.0,1995.0,42.00806,19.46028
19,AL0028,8.40114,0.0,0,100,1.0,0.0,1995.0,40.88,20.70139
20,AL0029,10.55283,0.0,0,100,1.0,0.0,1995.0,40.76444,19.94139
21,AL0030,7.67784,0.0,0,100,1.0,0.0,1995.0,40.66111,20.81611
22,AL0031,6.11868,0.0,0,100,1.0,0.0,1995.0,40.73083,19.70833
23,AL0032,6.51297,0.0,0,100,1.0,0.0,1995.0,41.06472,20.63056
24,AL0033,43.851510000000005,0.0,0,100,1.0,0.0,1995.0,41.72417,19.68278
25,AL0034,9.70859,0.0,0,100,1.0,0.0,1995.0,40.61639,19.46361
26,AL0035,15.422229999999999,0.0,0,100,1.0,0.0,1995.0,41.06472,20.63778
27,AM0001,21.543059999999997,0.0,0,100,1.0,0.0,1974.0,40.48333,44.75
28,AM0002,7.15382,0.0,0,100,1.0,0.0,1974.0,40.16667,44.51667
29,AM0003,17.26498,0.0,0,100,1.0,0.0,1974.0,40.9,45.1
30,AM0004,9.59015,0.0,0,100,1.0,0.0,1974.0,40.76667,44.86667
31,AN0002,7.893600000000001,22.9284,0,100,0.56,0.44,1981.0,17.64583,-63.23583
32,AO0024,19.45427,0.0,0,100,1.0,0.0,1991.0,-13.41667,14.76667
33,AR0013,13.15768,0.0,0,100,1.0,0.0,,-34.89667,-60.425
34,AR0016,14.502749999999999,0.0,0,100,1.0,0.0,,-34.22639,-60.82222
35,AR0019,17.48664,0.0,0,100,1.0,0.0,,-33.68056,-60.05278
36,AR0049,12.888,0.0,0,100,1.0,0.0,1968.0,-38.29972,-59.02
37,AR0050,14.377999999999998,0.0,0,100,1.0,0.0,1969.0,-35.04972,-57.68972
38,AR0051,8.71,0.0,0,100,1.0,0.0,1969.0,-35.54972,-57.54
39,AR0055,9.24,0.0,0,100,1.0,0.0,1970.0,-33.88,-59.72972
40,AR0056,20.328,0.0,0,100,1.0,0.0,1970.0,-32.83,-59.33
41,AR0058,13.979999999999999,0.0,0,100,1.0,0.0,1971.0,-32.91972,-59.65
42,AR0062,2.2079999999999997,0.0,0,100,1.0,0.0,1972.0,-31.68,-59.11972
43,AR0063,19.5024,0.0,0,100,1.0,0.0,1972.0,-25.06972,-65.3
44,AR0071,7.05,0.0,0,100,1.0,0.0,1975.0,-37.06,-58.29972
45,AR0072,6.762,0.0,0,100,1.0,0.0,1975.0,-34.54,-63.22
46,AR0077,13.750000000000002,0.0,0,100,1.0,0.0,1978.0,-51.50972,-71.73
47,AR0091,2.64,0.0,0,100,1.0,0.0,1980.0,-36.7,-65.27972
48,AR0093,1.1854,0.0,0,100,1.0,0.0,1980.0,-27.6,-66.05
49,AR0094,2.802,0.0,0,100,1.0,0.0,1980.0,-22.89972,-66.19972
50,AR0100,3.792,0.0,0,100,1.0,0.0,1980.0,-24.2,-64.8
51,AR0102,11.76,0.0,0,100,1.0,0.0,1980.0,-24.5,-65.08972
52,AR0104,6.6,0.0,0,100,1.0,0.0,1980.0,-28.03,-64.26972
53,AR0105,8.975999999999999,0.0,0,100,1.0,0.0,1980.0,-25.15972,-65.4
54,AR0108,11.934999999999999,0.0,0,100,1.0,0.0,1980.0,-38.04972,-63.52
55,AR0110,1.12,0.0,0,100,1.0,0.0,1980.0,-27.89972,-66.26972
56,AR0111,2.75,0.0,0,100,1.0,0.0,1980.0,-38.7,-64.27972
57,AR0113,2.645,0.0,0,100,1.0,0.0,1980.0,-39.63,-62.47
58,AR0115,2.5010000000000003,0.0,0,100,1.0,0.0,1981.0,-24.65972,-65.5
59,AR0118,7.02,0.0,0,100,1.0,0.0,1981.0,-26.39972,-66.45972
60,AR0129,6.24,0.0,0,100,1.0,0.0,1981.0,-26.2,-64.16972
61,AR0135,1.6500000000000001,0.0,0,100,1.0,0.0,1982.0,-40.16972,-64.8
62,AR0140,3.1125,0.0,0,100,1.0,0.0,1982.0,-39.36,-68.15
63,AR0141,7.68,0.0,0,100,1.0,0.0,1982.0,-24.5,-65.08972
64,AR0143,2.8955,0.0,0,100,1.0,0.0,1982.0,-40.40972,-65.22
65,AR0146,3.6959999999999993,0.0,0,100,1.0,0.0,1982.0,-40.63,-65.37972
66,AR0148,2.95,0.0,0,100,1.0,0.0,1983.0,-40.54972,-66.05972
67,AR0149,7.2335,0.0,0,100,1.0,0.0,1983.0,-31.06972,-62.4
68,AR0152,6.432,0.0,0,100,1.0,0.0,1983.0,-31.09,-62.91972
69,AR0153,12.540000000000001,0.0,0,100,1.0,0.0,1984.0,-44.27,-69.51972
70,AR0154,2.596,0.0,0,100,1.0,0.0,1984.0,-45.06972,-66.41972
71,AR0155,5.476000000000001,0.0,0,100,1.0,0.0,1984.0,-43.93,-70.43
72,AR0156,3.623999999999999,0.0,0,100,1.0,0.0,1984.0,-29.42,-66.58
73,AR0158,4.0920000000000005,0.0,0,100,1.0,0.0,1984.0,-43.95,-67.23
74,AR0160,1.2208,0.0,0,100,1.0,0.0,1984.0,-31.67,-69.58972
75,AR0161,9.295000000000002,0.0,0,100,1.0,0.0,1984.0,-45.9,-69.15
76,AR0163,10.286100000000001,0.0,0,100,1.0,0.0,1984.0,-44.7,-69.52972
77,AR0164,3.476,0.0,0,100,1.0,0.0,1984.0,-46.38,-67.98
78,AR0168,15.642000000000001,0.0,0,100,1.0,0.0,1985.0,-31.07972,-59.47
79,AR0169,29.263999999999996,0.0,0,100,1.0,0.0,1985.0,-46.95972,-67.12
80,AR0170,11.16,0.0,0,100,1.0,0.0,1985.0,-38.40972,-62.68
81,AR0177,10.395000000000001,0.0,0,100,1.0,0.0,1985.0,-49.25972,-67.9
82,AR0180,5.04,0.0,0,100,1.0,0.0,1985.0,-44.72972,-69.23
83,AR0181,3.6740000000000004,0.0,0,100,1.0,0.0,1985.0,-42.79972,-70.58
84,AR0182,1.12,0.0,0,100,1.0,0.0,1986.0,-36.4,-61.59
85,AR0184,5.72,0.0,0,100,1.0,0.0,1986.0,-26.12,-65.44972
86,AR0192,20.987999999999996,0.0,0,100,1.0,0.0,1986.0,-42.99,-71.44972
87,AR0194,1.8399999999999999,0.0,0,100,1.0,0.0,1986.0,-29.5,-65.62
88,AR0196,4.785,0.0,0,100,1.0,0.0,1987.0,-49.88972,-68.97
89,AR0197,3.0,0.0,0,100,1.0,0.0,1987.0,-24.11,-62.9
90,AR0198,5.6758,0.0,0,100,1.0,0.0,1987.0,-24.45972,-62.95
91,AR0200,12.331,0.0,0,100,1.0,0.0,1987.0,-46.18,-70.68
92,AR0205,4.632000000000001,0.0,0,100,1.0,0.0,1987.0,-46.36,-68.15
93,AR0206,12.1,0.0,0,100,1.0,0.0,1987.0,-25.89972,-65.9
94,AR0207,6.765000000000001,0.0,0,100,1.0,0.0,1987.0,-51.43972,-69.62972
95,AR0210,57.805,0.0,0,100,1.0,0.0,1988.0,-44.72,-70.62972
96,AR0212,8.767000000000001,0.0,0,100,1.0,0.0,1988.0,-49.04,-68.04
97,AR0213,14.52,0.0,0,100,1.0,0.0,1988.0,-54.38,-68.31972
98,AR0214,62.94200000000001,0.0,0,100,1.0,0.0,1988.0,-54.90972,-66.98972
99,AR0215,126.5,0.0,0,100,1.0,0.0,1988.0,-53.93,-67.80972
100,AR0219,24.068,0.0,0,100,1.0,0.0,1988.0,-53.93,-68.38972
101,AR0220,11.4655,0.0,0,100,1.0,0.0,1988.0,-36.45,-58.02972
102,AR0221,9.526,0.0,0,100,1.0,0.0,1988.0,-45.77,-68.08
103,AR0224,11.99,0.0,0,100,1.0,0.0,1988.0,-52.93,-68.45972
104,AR0225,6.05,0.0,0,100,1.0,0.0,1989.0,-23.04972,-63.52972
105,AR0226,51.98800000000001,0.0,0,100,1.0,0.0,1989.0,-54.36972,-67.13972
106,AR0227,7.535000000000002,0.0,0,100,1.0,0.0,1989.0,-29.04972,-63.97
107,AR0231,4.95,0.0,0,100,1.0,0.0,1989.0,-28.07972,-62.61972
108,AR0234,134.75,0.0,0,100,1.0,0.0,1989.0,-38.34972,-59.47972
109,AR0235,22.948999999999998,0.0,0,100,1.0,0.0,1989.0,-37.77972,-58.68
110,AR0237,5.456,0.0,0,100,1.0,0.0,1989.0,-27.54972,-64.69972
111,AR0238,5.0600000000000005,0.0,0,100,1.0,0.0,1989.0,-28.35,-63.52
112,AR0239,5.577000000000001,0.0,0,100,1.0,0.0,1989.0,-28.75,-64.08
113,AR0241,9.4375,0.0,0,100,1.0,0.0,1989.0,-36.27278,-57.11806
114,AR0244,18.997,0.0,0,100,1.0,0.0,1989.0,-38.54972,-59.50972
115,AR0245,4.005,0.0,0,100,1.0,0.0,1989.0,-37.11972,-59.22
116,AR0247,4.5120000000000005,0.0,0,100,1.0,0.0,1989.0,-37.90972,-60.33
117,AR0248,1.452,0.0,0,100,1.0,0.0,1990.0,-39.22,-70.87
118,AR0249,6.431999999999999,0.0,0,100,1.0,0.0,1990.0,-40.09972,-70.09972
119,AR0252,26.200000000000003,0.0,0,100,1.0,0.0,1990.0,-46.13972,-69.52972
120,AR0253,8.998000000000001,0.0,0,100,1.0,0.0,1990.0,-39.18,-71.05
121,AR0254,3.0250000000000004,0.0,0,100,1.0,0.0,1990.0,-37.59972,-70.22
122,AR0256,2.714,0.0,0,100,1.0,0.0,1990.0,-37.34972,-70.77972
123,AR0257,9.36,0.0,0,100,1.0,0.0,1991.0,-42.04972,-71.19972
124,AR0260,5.390000000000001,0.0,0,100,1.0,0.0,1991.0,-44.72972,-70.47
125,BG0004,14.445699999999999,0.0,0,100,1.0,0.0,1972.0,43.65,27.17
126,BG0005,19.492900000000002,0.0,0,100,1.0,0.0,1974.0,43.41972,24.45
127,BG0008,31.017200000000003,0.0,0,100,1.0,0.0,1976.0,43.15,25.95
128,BG0011,10.553199999999999,0.0,0,100,1.0,0.0,1976.0,43.41972,24.62972
129,BG0012,11.7192,0.0,0,100,1.0,0.0,1976.0,43.41972,24.62972
130,BG0013,9.7212,0.0,0,100,1.0,0.0,1976.0,42.91972,25.07972
131,BG0014,5.8473,0.0,0,100,1.0,0.0,1977.0,42.15,25.04972
132,BG0015,13.931299999999998,0.0,0,100,1.0,0.0,1980.0,42.08,24.6
133,BG0021,8.184000000000001,0.0,0,100,1.0,0.0,1986.0,42.65,26.97972
134,BG0022,15.767700000000003,0.0,0,100,1.0,0.0,1989.0,43.75,23.28333
135,BG0023,20.76327,0.0,0,100,1.0,0.0,1989.0,43.33333,24.33333
136,BG0024,14.65924,0.0,0,100,1.0,0.0,1989.0,43.66667,23.16667
137,BG0026,9.20618,0.0,0,100,1.0,0.0,1989.0,42.25,27.75
138,BG0030,13.920130000000002,0.0,0,100,1.0,0.0,1989.0,42.66667,26.91667
139,BG0031,31.199720000000003,0.0,0,100,1.0,0.0,1989.0,42.83333,23.0
140,BG0032,5.407900000000001,0.0,0,100,1.0,0.0,1993.0,42.06972,27.78
141,BG0033,10.238,0.0,0,100,1.0,0.0,1993.0,43.72,23.14972
142,BG0034,11.768740000000001,0.0,0,100,1.0,0.0,1994.0,42.18972,24.39833
143,BG0035,28.217250000000003,0.0,0,100,1.0,0.0,1994.0,43.72528,27.43778
144,BG0036,26.302480000000003,0.0,0,100,1.0,0.0,1994.0,43.6075,27.70917
145,BG0037,21.84226,0.0,0,100,1.0,0.0,1994.0,43.44194,28.14556
146,BG0038,26.19633,0.0,0,100,1.0,0.0,1994.0,43.31861,27.33944
147,BG0039,25.152250000000002,0.0,0,100,1.0,0.0,1994.0,43.39194,24.73139
148,BG0041,12.00264,0.0,0,100,1.0,0.0,1994.0,42.51611,24.98861
149,BG0042,9.82346,0.0,0,100,1.0,0.0,1994.0,42.41361,25.02139
150,BG0044,7.00762,0.0,0,100,1.0,0.0,1994.0,42.20917,25.06806
151,BG0045,30.1182,0.0,0,100,1.0,0.0,1994.0,42.3025,25.67194
152,BG0046,29.10875,0.0,0,100,1.0,0.0,1994.0,43.54611,27.92306
153,BI0022,61.817519999999995,0.0,0,100,1.0,0.0,1983.0,-3.36667,29.31667
154,BI0023,63.59363999999999,0.0,0,100,1.0,0.0,1983.0,-2.83333,30.58333
155,BI0025,21.102,0.0,0,100,1.0,0.0,1983.0,-3.36667,29.31667
156,BI0026,17.008299999999995,0.0,0,100,1.0,0.0,1983.0,-3.36667,29.31667
157,BI0027,16.6399,0.0,0,100,1.0,0.0,1983.0,-2.85,29.75
158,BI0028,42.68744,0.0,0,100,1.0,0.0,1983.0,-2.83333,30.58333
159,BI0029,5.94628,0.0,0,100,1.0,0.0,1983.0,-3.36667,29.31667
160,BI0030,19.946360000000002,0.0,0,100,1.0,0.0,1983.0,-3.36667,29.31667
161,BI0031,13.709600000000002,0.0,0,100,1.0,0.0,1984.0,-2.36556,29.775
162,BI0032,13.9728,0.0,0,100,1.0,0.0,1984.0,-2.32,29.81889
163,BO0066,14.22,0.0,0,100,1.0,0.0,1992.0,-10.97,-67.4
164,BR0025,5.186999976236001,0.0,0,100,1.0,0.0,,-9.27972,-58.11
165,BR0132,12.197999999999999,0.0,0,100,1.0,0.0,,-3.31667,-57.45
166,BR0163,16.604300000000002,0.0,0,100,1.0,0.0,,-2.21667,-56.91667
167,BR0165,16.696899943273,0.0,0,100,1.0,0.0,,-2.22,-56.91972
168,BR0166,5.502000013574,0.0,0,100,1.0,0.0,,-2.67,-56.41972
169,BR0177,12.417399987136001,0.0,0,100,1.0,0.0,,-1.5,-56.75
170,BR0204,10.542749999999998,0.0,0,100,1.0,0.0,,-9.75,-65.26972
171,BR0295,6.735,0.0,0,100,1.0,0.0,1956.0,-22.67,-47.66972
172,BR0296,9.84,0.0,0,100,1.0,0.0,1956.0,-24.67,-47.91972
173,BR0297,10.0016,0.0,0,100,1.0,0.0,1956.0,-23.5,-47.5
174,BR0298,28.123,0.0,0,100,1.0,0.0,1956.0,-25.0,-47.91972
175,BR0309,7.305,0.0,0,100,1.0,0.0,1960.0,-20.5,-45.5
176,BR0333,9.4295500488775,0.0,0,100,1.0,0.0,1965.0,-5.44,-47.5
177,BR0356,10.5569,0.0,0,100,1.0,0.0,1966.0,-18.5,-54.83
178,BR0366,3.81,0.0,0,100,1.0,0.0,1966.0,-20.17,-54.83
179,BR0435,4.004500033255,0.0,0,100,1.0,0.0,1969.0,-9.19972,-38.04
180,BR0445,2.0259999882399997,0.0,0,100,1.0,0.0,1970.0,-12.85,-44.9
181,BR0446,5.691749961,0.0,0,100,1.0,0.0,1970.0,-12.94972,-43.79972
182,BR0449,7.128600034824,0.0,0,100,1.0,0.0,1970.0,-10.94972,-44.79972
183,BR0467,17.449010081168,0.0,0,100,1.0,0.0,1971.0,-19.25,-39.83
184,BR0470,9.894459892498,0.0,0,100,1.0,0.0,1971.0,-19.32972,-40.0
185,BR0480,5.9215,0.0,0,100,1.0,0.0,1972.0,-22.82972,-52.75
186,BR0525,8.6418001438515,0.0,0,100,1.0,0.0,1975.0,-18.6,-45.36972
187,BR0528,13.602300038200001,0.0,0,100,1.0,0.0,1975.0,-18.56972,-45.36972
188,BR0530,5.128500128709,0.0,0,100,1.0,0.0,1976.0,-15.0,-43.79972
189,BR0539,29.304200000000005,0.0,0,100,1.0,0.0,1977.0,-25.82972,-49.16972
190,BR0558,6.0094498879454,0.0,0,100,1.0,0.0,1978.0,-18.52,-48.02
191,BR0579,10.512090084607,0.0,0,100,1.0,0.0,1979.0,-19.32972,-48.11972
192,BR0607,5.251099940683,0.0,0,100,1.0,0.0,1981.0,-14.97,-57.13972
193,BR0622,5.745,0.0,0,100,1.0,0.0,1983.0,-29.0,-55.5
194,BR0641,19.2006,0.0,0,100,1.0,0.0,1985.0,-16.35,-48.95
195,BR0643,20.7516,0.0,0,100,1.0,0.0,1985.0,-15.98333,-47.98889
196,BR0644,14.258750000000001,0.0,0,100,1.0,0.0,1985.0,-16.48333,-49.1
197,BR0647,11.747879999999999,0.0,0,100,1.0,0.0,1985.0,-15.59167,-47.71944
198,BR0651,16.85966,0.0,0,100,1.0,0.0,1985.0,-15.59722,-47.71667
199,BR0652,31.96011,0.0,0,100,1.0,0.0,1985.0,-22.93333,-46.46667
200,BR0655,22.36105,0.0,0,100,1.0,0.0,1985.0,-16.4,-49.0
201,BR0658,11.04636,0.0,0,100,1.0,0.0,1986.0,-9.93333,-36.53333
202,BR0667,11.132299999999999,0.0,0,100,1.0,0.0,1986.0,-9.93333,-36.53333
203,BR0681,11.406100086355,0.0,0,100,1.0,0.0,1987.0,-2.60972,-55.72
204,BR0685,1.7184,0.0,0,100,1.0,0.0,1988.0,-29.0,-55.66972
205,BR0690,12.748500000000002,0.0,0,100,1.0,0.0,1988.0,-28.57972,-54.16972
206,BW0361,2.8654,0.0,0,100,1.0,0.0,1986.0,-23.74167,26.47778
207,BW0414,4.4913,0.0,0,100,1.0,0.0,1986.0,-18.61972,25.62806
208,BW0434,27.917499999999997,0.0,0,100,1.0,0.0,1986.0,-20.44167,22.83056
209,BW0438,12.2529,0.0,0,100,1.0,0.0,1986.0,-19.84944,23.53333
210,BW0461,37.3964,0.0,0,100,1.0,0.0,1986.0,-20.41944,22.83056
211,BW0477,12.7909,0.0,0,100,1.0,0.0,1986.0,-19.84556,23.53583
212,BW0488,7.5032,0.0,0,100,1.0,0.0,1986.0,-20.91611,27.02111
213,BW0501,6.571430000000001,0.0,0,100,1.0,0.0,1986.0,-20.99889,27.30222
214,BW0532,4.6370000000000005,0.0,0,100,1.0,0.0,1986.0,-22.74889,27.01472
215,BW0533,4.7992300000000006,0.0,0,100,1.0,0.0,1986.0,-18.61972,25.62806
216,BW0534,6.24831,0.0,0,100,1.0,0.0,1986.0,-22.74889,27.01472
217,BW0536,14.82979,0.0,0,100,1.0,0.0,1986.0,-19.84944,23.53333
218,BW0537,9.16054,0.0,0,100,1.0,0.0,1986.0,-20.91611,27.02111
219,BW0546,4.3845600000000005,0.0,0,100,1.0,0.0,1986.0,-20.30972,26.1075
220,BW0549,5.1013,0.0,0,100,1.0,0.0,1986.0,-19.88583,23.52194
221,BW0554,15.46381,0.0,0,100,1.0,0.0,1986.0,-18.46306,25.56694
222,BY0001,5.8038,0.0,0,100,1.0,0.0,1958.0,54.02972,30.29972
223,BY0002,4.0932,0.0,0,100,1.0,0.0,1958.0,54.18,30.21972
224,BY0003,5.0809999999999995,0.0,0,100,1.0,0.0,1961.0,52.68,31.2
225,BY0005,21.891599999999997,0.0,0,100,1.0,0.0,1962.0,51.97972,27.56972
226,BY0006,6.259,0.0,0,100,1.0,0.0,1963.0,53.47972,25.68
227,BY0008,0.0,39.804,0,100,0.0,1.0,1964.0,55.59972,27.89972
228,BY0009,4.134,30.6204,0,100,0.26,0.74,1964.0,53.72,29.47972
229,BY0010,0.0,86.0272,0,100,0.0,1.0,1964.0,53.38,29.62
230,BY0011,20.6306,0.0,0,100,1.0,0.0,1965.0,52.16972,24.22972
231,BY0014,7.4513,0.0,0,100,1.0,0.0,1965.0,52.11972,23.96972
232,BY0015,6.6374,0.0,0,100,1.0,0.0,1965.0,53.31972,25.78
233,BY0017,6.385100000000001,0.0,0,100,1.0,0.0,1965.0,53.52,25.35
234,BY0018,5.995,0.0,0,100,1.0,0.0,1966.0,53.7,23.87
235,BY0020,18.976,0.0,0,100,1.0,0.0,1967.0,53.77972,31.75
236,BY0023,1.0626,122.6292,0,100,0.33,0.67,1967.0,53.72972,24.29972
237,BY0025,5.3338,0.0,0,100,1.0,0.0,1967.0,53.33,23.95972
238,BY0028,0.0,92.41820000000001,0,100,0.0,1.0,1969.0,56.08,28.21972
239,BY0029,5.583,0.0,0,100,1.0,0.0,1969.0,52.65,25.87972
240,BY0030,6.117,0.0,0,100,1.0,0.0,1969.0,55.7,30.1
241,BY0036,0.0,176.8675,0,100,0.0,1.0,1974.0,55.43,29.42
242,BY0040,10.3686,0.0,0,100,1.0,0.0,1974.0,52.02,27.56972
243,BY0043,9.9878,0.0,0,100,1.0,0.0,1976.0,52.27972,27.25
244,BY0046,6.1906,0.0,0,100,1.0,0.0,1977.0,53.18,27.97972
245,BY0052,6.636,0.0,0,100,1.0,0.0,1979.0,52.91972,31.27
246,BY0065,7.6774,0.0,0,100,1.0,0.0,1989.0,54.22972,28.72972
247,BY0066,7.247100000000001,0.0,0,100,1.0,0.0,1989.0,53.61972,28.42
248,BY0067,111.57,0.0,0,100,1.0,0.0,1990.0,54.47,29.45
249,BY0068,0.0,142.2658,0,100,0.0,1.0,1990.0,54.86972,27.03
250,BY0069,0.5904,90.342,0,100,0.12,0.88,1990.0,51.58,24.0
251,BY0071,7.966100000000001,0.0,0,100,1.0,0.0,1990.0,53.52972,30.85
252,BY0072,5.7384,0.0,0,100,1.0,0.0,1990.0,53.02972,26.75
253,BY0073,3.8390000000000004,0.0,0,100,1.0,0.0,1990.0,53.16972,28.04972
254,BY0075,8.4054,0.0,0,100,1.0,0.0,1990.0,53.9,26.39972
255,BY0077,8.0745,0.0,0,100,1.0,0.0,1990.0,52.63,24.32972
256,BY0078,6.652900000000001,0.0,0,100,1.0,0.0,1990.0,52.56972,23.75
257,BY0080,8.8152,0.0,0,100,1.0,0.0,1990.0,53.95,25.12
258,BY0082,6.204000000000001,0.0,0,100,1.0,0.0,1991.0,54.47,28.96972
259,BY0085,5.4639999999999995,0.0,0,100,1.0,0.0,1991.0,53.72,27.14972
260,BY0086,0.4025,92.36399999999999,0,100,0.25,0.75,1992.0,53.45,27.6
261,BY0087,8.919599999999999,0.0,0,100,1.0,0.0,1992.0,53.72,23.62
262,BY0088,6.321400000000001,0.0,0,100,1.0,0.0,1992.0,52.27,23.5
263,BY0089,5.918499999999999,0.0,0,100,1.0,0.0,1992.0,53.27,24.96972
264,CA0019,29.723000000000003,0.0,0,100,1.0,0.0,1978.0,53.41667,-113.55
265,CA0022,9.637100000000002,0.0,0,100,1.0,0.0,1978.0,45.38889,-75.42167
266,CA0033,3.4879000000000002,0.37799999999999995,0,100,0.98,0.02,1978.0,44.05833,-79.2625
267,CA0035,21.53034,0.0,0,100,1.0,0.0,1978.0,45.06444,-64.48389
268,CA0044,23.073,0.0,0,100,1.0,0.0,1978.0,45.37167,-75.72833
269,CA0047,11.4616,0.0,0,100,1.0,0.0,1978.0,45.65556,-72.97083
270,CA0082,12.105199999999998,0.0,0,100,1.0,0.0,1978.0,49.58333,-101.2
271,CH0004,29.103300000000004,0.0,0,100,1.0,0.0,1975.0,47.08333,7.8
272,CH0005,11.5332,0.0,0,100,1.0,0.0,1975.0,47.48333,8.21667
273,CH0007,22.0646,0.0,0,100,1.0,0.0,1975.0,47.25,8.13333
274,CH0010,40.1488,0.0,0,100,1.0,0.0,1975.0,47.58333,8.66667
275,CH0012,11.3013,0.0,0,100,1.0,0.0,1976.0,47.65,8.6
276,CI0005,7.158,0.0,0,100,1.0,0.0,1967.0,5.83333,-6.66667
277,CL0010,56.739,0.0,0,100,1.0,0.0,,-39.58333,-72.96667
278,CL0015,33.852399999999996,0.0,0,100,1.0,0.0,,-37.45,-72.4
279,CL0016,41.243399999999994,0.0,0,100,1.0,0.0,,-36.88333,-72.03333
280,CL0024,21.128400000000003,0.0,0,100,1.0,0.0,,-37.91667,-72.41667
281,CL0025,25.1097,0.0,0,100,1.0,0.0,,-38.71667,-72.58333
282,CL0045,64.31823999999999,0.0,0,100,1.0,0.0,1983.0,-41.46667,-73.0
283,CL0046,46.79345,0.0,0,100,1.0,0.0,1983.0,-40.96667,-72.91667
284,CL0047,40.14675,0.0,0,100,1.0,0.0,1983.0,-40.58333,-72.16667
285,CL0050,64.0344,0.0,0,100,1.0,0.0,1983.0,-41.47,-73.09972
286,CM0003,49.40100000000001,0.0,0,100,1.0,0.0,,5.6,10.11667
287,CM0036,14.16016,0.0,0,100,1.0,0.0,1977.0,4.16667,9.28333
288,CN0001,8.5876,0.0,0,100,1.0,0.0,1978.0,31.58333,120.31667
289,CN0002,6.8812,0.0,0,100,1.0,0.0,1979.0,30.83333,120.33333
290,CN0003,10.03585,0.0,0,100,1.0,0.0,1979.0,31.58333,120.31667
291,CN0005,6.982500000000001,0.0,0,100,1.0,0.0,1979.0,31.65,120.75
292,CN0008,4.6651,0.0,0,100,1.0,0.0,1979.0,30.3,120.16667
293,CN0016,3.2545200000000003,0.0,0,100,1.0,0.0,1983.0,32.25,118.7
294,CN0017,7.780699999999999,0.0,0,100,1.0,0.0,1983.0,31.31667,121.4
295,CN0019,0.402,0.0,0,100,1.0,0.0,1985.0,44.43333,87.75
296,CN0024,8.80966,0.0,0,100,1.0,0.0,1985.0,35.88333,104.125
297,CN0044,7.3312,0.0,0,100,1.0,0.0,1993.0,26.38333,106.43333
298,CN0051,5.70598,0.0,0,100,1.0,0.0,1993.0,26.38333,106.43333
299,CN0052,8.6499,0.0,0,100,1.0,0.0,1993.0,45.46667,127.11667
300,CN0057,15.1164,0.0,0,100,1.0,0.0,1993.0,46.06667,126.7
301,CN0058,23.007949999999997,0.0,0,100,1.0,0.0,1993.0,26.38333,106.43333
302,CO0013,30.188,0.0,0,100,1.0,0.0,1970.0,0.94083,-77.83528
303,CO0015,13.869300000000003,0.0,0,100,1.0,0.0,1970.0,1.37556,-77.2875
304,CO0017,16.25,0.0,0,100,1.0,0.0,1971.0,3.95,-77.19972
305,CO0018,3.0435,0.0,0,100,1.0,0.0,1971.0,11.19972,-72.4
306,CO0022,6.059999999999999,0.0,0,100,1.0,0.0,1972.0,11.69972,-72.25
307,CO0025,4.14,0.0,0,100,1.0,0.0,1973.0,4.56667,-70.93333
308,CO0026,20.207800000000002,0.0,0,100,1.0,0.0,1973.0,4.5,-71.5
309,CO0027,6.1072999999999995,0.0,0,100,1.0,0.0,1973.0,4.56667,-70.93333
310,CO0028,3.516,0.0,0,100,1.0,0.0,1973.0,4.56667,-70.93333
311,CO0029,4.8091,0.0,0,100,1.0,0.0,1973.0,4.56667,-70.93333
312,CO0030,15.042,0.0,0,100,1.0,0.0,1973.0,4.56667,-70.93333
313,CO0031,20.740000000000002,0.0,0,100,1.0,0.0,1973.0,4.56667,-70.93333
314,CO0032,11.155100000000001,0.0,0,100,1.0,0.0,1973.0,4.56667,-70.93333
315,CO0034,20.645599999999998,0.0,0,100,1.0,0.0,1973.0,4.5,-71.5
316,CO0035,17.720119999999998,0.0,0,100,1.0,0.0,1973.0,4.5,-71.5
317,CO0036,18.27895,0.0,0,100,1.0,0.0,1973.0,4.5,-71.5
318,CO0038,30.01109,0.0,0,100,1.0,0.0,1973.0,4.5,-71.5
319,CO0040,6.582000000000001,0.0,0,100,1.0,0.0,1973.0,4.56667,-70.93333
320,CO0042,20.97192,0.0,0,100,1.0,0.0,1973.0,4.5,-71.5
321,CO0043,5.8544,0.0,0,100,1.0,0.0,1974.0,5.8,-71.84972
322,CO0044,15.040000000000001,0.0,0,100,1.0,0.0,1974.0,4.71972,-74.09972
323,CO0045,14.158,0.0,0,100,1.0,0.0,1974.0,4.71972,-74.65
324,CO0046,2.7350000000000003,0.0,0,100,1.0,0.0,1975.0,10.19972,-75.4
325,CO0048,4.938000000000001,0.0,0,100,1.0,0.0,1975.0,5.9,-71.5
326,CO0049,12.07,0.0,0,100,1.0,0.0,1976.0,8.39972,-73.3
327,CO0050,20.766499999999997,0.0,0,100,1.0,0.0,1976.0,4.3,-76.25
328,CO0051,19.030000000000005,0.0,0,100,1.0,0.0,1976.0,7.3,-76.4
329,CO0052,9.559999999999999,0.0,0,100,1.0,0.0,1976.0,8.39972,-77.25
330,CO0053,9.371,0.0,0,100,1.0,0.0,1976.0,7.69972,-76.5
331,CO0057,0.0,70.38660000000002,0,100,0.0,1.0,1976.0,5.58333,-73.86667
332,CO0058,0.0,63.104000000000006,0,100,0.0,1.0,1976.0,5.58333,-73.86667
333,CO0060,0.0,32.2886,0,100,0.0,1.0,1976.0,5.58333,-73.86667
334,CO0062,13.420000000000002,76.60119999999999,0,100,0.2,0.8,1976.0,5.58333,-73.86667
335,CO0064,10.038,0.0,0,100,1.0,0.0,1977.0,0.7,-70.9
336,CO0065,15.808499999999999,0.0,0,100,1.0,0.0,1977.0,1.1,-69.9
337,CO0066,9.3,0.0,0,100,1.0,0.0,1977.0,1.5,-72.69972
338,CO0067,15.642999999999999,0.0,0,100,1.0,0.0,1977.0,3.4,-76.3
339,CO0071,11.54,0.0,0,100,1.0,0.0,1977.0,3.59972,-76.25
340,CO0075,10.796,0.0,0,100,1.0,0.0,1978.0,10.89972,-72.84972
341,CO0077,7.0120000000000005,0.0,0,100,1.0,0.0,1978.0,10.94972,-72.8
342,CO0078,11.161000000000001,0.0,0,100,1.0,0.0,1978.0,-1.6,-73.4
343,CO0084,7.161999999999999,0.0,0,100,1.0,0.0,1978.0,3.09972,-76.19972
344,CO0086,12.270000000000001,0.0,0,100,1.0,0.0,1978.0,4.19972,-76.3
345,CO0087,32.09,0.0,0,100,1.0,0.0,1979.0,2.4,-76.65
346,CO0088,16.1,0.0,0,100,1.0,0.0,1979.0,4.4,-70.4
347,CO0089,6.039999999999999,0.0,0,100,1.0,0.0,1979.0,4.9,-68.5
348,CO0091,7.8836,0.0,0,100,1.0,0.0,1979.0,10.55,-74.9
349,CO0092,46.98239999999999,0.0,0,100,1.0,0.0,1980.0,2.29972,-76.59972
350,CO0095,7.4541,0.0,0,100,1.0,0.0,1980.0,2.0,-77.19972
351,CO0096,8.03576,0.0,0,100,1.0,0.0,1981.0,2.5,-72.63333
352,CO0099,5.860939999999999,0.0,0,100,1.0,0.0,1981.0,4.1,-72.8
353,CO0113,11.225,0.0,0,100,1.0,0.0,1981.0,9.5,-75.37972
354,CO0115,14.741999999999999,0.0,0,100,1.0,0.0,1981.0,3.4,-76.3
355,CO0118,35.769800000000004,0.0,0,100,1.0,0.0,1982.0,4.84972,-74.20972
356,CO0119,5.613,0.0,0,100,1.0,0.0,1982.0,8.40972,-75.8
357,CO0122,26.09,0.0,0,100,1.0,0.0,1984.0,5.4,-75.44972
358,CO0123,10.142000000000001,0.0,0,100,1.0,0.0,1984.0,5.09972,-75.34972
359,CO0124,14.4604,0.0,0,100,1.0,0.0,1984.0,6.4,-70.5
360,CO0125,8.35,0.0,0,100,1.0,0.0,1984.0,6.38,-70.54
361,CO0126,18.752,0.0,0,100,1.0,0.0,1986.0,4.59972,-75.69972
362,CO0128,9.794,0.0,0,100,1.0,0.0,1986.0,1.39972,-74.9
363,CO0130,10.945,0.0,0,100,1.0,0.0,1986.0,3.09972,-70.8
364,CO0131,65.87209,0.0,0,100,1.0,0.0,1987.0,2.41667,-76.58333
365,CO0132,5.926000000000001,0.0,0,100,1.0,0.0,1987.0,5.59972,-72.05
366,CO0133,18.07217,0.0,0,100,1.0,0.0,1987.0,3.08333,-76.5
367,CO0135,12.558580000000003,0.0,0,100,1.0,0.0,1987.0,3.48333,-76.35
368,CO0136,24.55721,0.0,0,100,1.0,0.0,1987.0,3.48333,-76.35
369,CO0137,3.338,0.0,0,100,1.0,0.0,1988.0,2.79972,-75.3
370,CO0138,5.059999999999999,0.0,0,100,1.0,0.0,1988.0,2.59972,-75.4
371,CO0139,9.52886,0.0,0,100,1.0,0.0,1988.0,4.05,-73.48333
372,CO0141,7.57808,0.0,0,100,1.0,0.0,1988.0,4.57389,-71.33611
373,CO0142,4.336869999999999,0.0,0,100,1.0,0.0,1988.0,4.57389,-71.33611
374,CO0143,12.338859999999999,0.0,0,100,1.0,0.0,1988.0,4.57389,-71.33611
375,CO0144,5.376,0.0,0,100,1.0,0.0,1988.0,2.39,-75.25
376,CO0145,6.766,0.0,0,100,1.0,0.0,1988.0,2.59972,-75.3
377,CO0149,63.88,0.0,0,100,1.0,0.0,1991.0,2.4,-76.5
378,CO0151,18.3814,0.0,0,100,1.0,0.0,1991.0,3.9,-76.59972
379,CO0153,33.62,0.0,0,100,1.0,0.0,1991.0,10.94972,-73.65
380,CO0157,2.3,0.0,0,100,1.0,0.0,1992.0,6.3,-74.05972
381,CO0159,10.0,0.0,0,100,1.0,0.0,1994.0,3.84972,-76.75
382,CO0160,4.1800000000000015,0.0,0,100,1.0,0.0,1994.0,3.84972,-77.0
383,CO0162,14.462,0.0,0,100,1.0,0.0,1994.0,3.66,-76.9
384,CO0163,5.176,0.0,0,100,1.0,0.0,1995.0,4.34972,-75.19972
385,CR0004,24.91705,0.0,0,100,1.0,0.0,1982.0,9.93333,-83.66667
386,CR0005,14.241139999999998,0.0,0,100,1.0,0.0,1982.0,9.93333,-84.66667
387,CR0006,11.58892,0.0,0,100,1.0,0.0,1982.0,9.93333,-83.66667
388,CR0007,14.82607,0.0,0,100,1.0,0.0,1982.0,9.93333,-83.66667
389,CR0009,16.79256,0.0,0,100,1.0,0.0,1983.0,9.875,-83.65833
390,CR0011,17.40354,0.0,0,100,1.0,0.0,1983.0,9.25,-83.5
391,CR0013,10.612380000000003,0.0,0,100,1.0,0.0,1983.0,10.575,-85.59722
392,CR0014,12.60416,0.0,0,100,1.0,0.0,1983.0,10.30833,-85.17361
393,CR0015,6.91662,0.0,0,100,1.0,0.0,1983.0,10.56944,-85.59167
394,CR0016,21.500760000000003,0.0,0,100,1.0,0.0,1983.0,10.56667,-85.59167
395,CR0020,33.769850000000005,0.0,0,100,1.0,0.0,1991.0,9.88056,-83.69722
396,CR0027,11.404499999999999,0.0,0,100,1.0,0.0,1991.0,10.18333,-83.54167
397,CR0029,18.12642,19.383409999999998,0,100,0.26,0.74,1993.0,9.96389,-83.75222
398,CU0011,11.4776,0.0,0,100,1.0,0.0,1991.0,20.33333,-76.08333
399,CU0012,11.743,0.0,0,100,1.0,0.0,1991.0,20.32972,-76.08
400,CU0017,6.234999999999999,0.0,0,100,1.0,0.0,1991.0,22.53,-83.15
401,CU0025,10.317669999999998,0.0,0,100,1.0,0.0,1991.0,21.66667,-78.78333
402,CU0026,10.070500000000001,0.0,0,100,1.0,0.0,1991.0,21.67,-78.77972
403,CU0027,10.3716,0.0,0,100,1.0,0.0,1991.0,22.75,-81.5
404,CU0028,10.39616,0.0,0,100,1.0,0.0,1991.0,22.81667,-81.13333
405,CU0029,4.8445,0.0,0,100,1.0,0.0,1991.0,22.57972,-79.75
406,CU0037,10.401649999999998,0.0,0,100,1.0,0.0,1991.0,20.33333,-76.16667
407,CU0038,10.7675,0.0,0,100,1.0,0.0,1991.0,20.32972,-76.16972
408,CU0039,18.894,0.0,0,100,1.0,0.0,1991.0,22.27,-80.31972
409,CU0044,6.301500000000001,0.0,0,100,1.0,0.0,1991.0,21.54972,-78.12972
410,CU0047,9.990200000000002,0.0,0,100,1.0,0.0,1991.0,20.2,-76.75
411,CU0049,6.177650000000001,0.0,0,100,1.0,0.0,1991.0,21.55,-78.13333
412,CZ0017,10.4085,0.0,0,100,1.0,0.0,1966.0,50.04,15.67
413,CZ0028,25.589000000000002,0.0,0,100,1.0,0.0,1966.0,50.13,15.3
414,CZ0029,20.406000000000002,0.0,0,100,1.0,0.0,1966.0,50.45972,13.03972
415,DE0001,12.143060000000002,0.0,0,100,1.0,0.0,,49.8,8.11667
416,DE0004,13.090399999999999,0.0,0,100,1.0,0.0,,48.58333,8.46667
417,DE0007,15.994599999999998,0.0,0,100,1.0,0.0,,48.28333,8.7
418,DE0008,10.375100000000002,0.0,0,100,1.0,0.0,,52.95,9.08333
419,DE0009,21.5232,0.0,0,100,1.0,0.0,,53.15,8.63333
420,DE0012,68.64,41.7615,0,100,0.2,0.8,,53.16667,8.03333
421,DE0013,61.5384,95.80199999999999,0,100,0.27,0.73,,52.48333,8.21667
422,DE0017,8.953800000000001,0.0,0,100,1.0,0.0,,54.28333,11.06667
423,DE0021,10.8984,0.0,0,100,1.0,0.0,,48.81667,8.91667
424,DE0024,15.5764,0.0,0,100,1.0,0.0,,53.16667,8.75
425,DE0028,21.820499999999996,0.0,0,100,1.0,0.0,,53.93333,10.08333
426,DE0050,8.886299999999999,0.0,0,100,1.0,0.0,1986.0,49.96667,7.91667
427,DE0051,11.76082,0.0,0,100,1.0,0.0,1986.0,49.9,8.16667
428,DE0053,13.4667,0.0,0,100,1.0,0.0,1986.0,49.81667,7.96667
429,DK0004,14.50094,0.0,0,100,1.0,0.0,1981.0,55.13333,9.13333
430,DK0011,8.32607,0.0,0,100,1.0,0.0,1982.0,55.55,9.78333
431,DK0016,8.30925,0.0,0,100,1.0,0.0,1987.0,54.75,11.5
432,DK0017,10.647879999999999,0.0,0,100,1.0,0.0,1987.0,57.08333,9.83333
433,DK0018,0.0,57.175000000000004,0,100,0.0,1.0,1987.0,56.75,10.25
434,DK0019,12.79786,0.0,0,100,1.0,0.0,1988.0,55.41667,11.33333
435,DK0020,2.32752,0.0,0,100,1.0,0.0,1989.0,56.88333,8.33333
436,EC0008,14.061000000000002,0.0,0,100,1.0,0.0,1970.0,-4.32,-79.98
437,EC0044,15.324959999999999,0.0,0,100,1.0,0.0,1983.0,-0.25,-79.0
438,EC0046,15.54539,0.0,0,100,1.0,0.0,1983.0,-0.25,-79.0
439,EC0048,49.622060000000005,0.0,0,100,1.0,0.0,1983.0,-0.23333,-78.5
440,EC0052,20.24403,0.0,0,100,1.0,0.0,1983.0,-0.25,-79.0
441,EC0053,55.63427,0.0,0,100,1.0,0.0,1983.0,-0.23333,-78.5
442,EC0054,6.83623,0.0,0,100,1.0,0.0,1983.0,-0.25,-79.0
443,EC0055,21.79434,0.0,0,100,1.0,0.0,1983.0,-0.25,-79.0
444,EC0060,5.7364,0.0,0,100,1.0,0.0,1983.0,0.09,-78.41972
445,EC0064,13.6716,0.0,0,100,1.0,0.0,1983.0,-1.05972,-79.59972
446,EC0065,5.7035800000000005,0.0,0,100,1.0,0.0,1983.0,-0.23333,-78.5
447,EC0066,4.7945,0.0,0,100,1.0,0.0,1986.0,-3.2875,-79.90833
448,EE0001,8.436,0.0,0,100,1.0,0.0,1959.0,57.61972,26.43
449,EE0003,12.492499999999998,0.0,0,100,1.0,0.0,1960.0,58.38,22.64972
450,EE0010,17.271,0.0,0,100,1.0,0.0,1960.0,58.02,25.71972
451,EE0013,6.487,0.0,0,100,1.0,0.0,1961.0,58.27972,25.62972
452,EE0014,6.557599999999999,0.0,0,100,1.0,0.0,1961.0,57.59972,26.67
453,EE0023,15.014999999999999,16.509999999999998,0,100,0.8,0.2,1965.0,58.16972,24.82972
454,EE0029,6.4165,0.0,0,100,1.0,0.0,1968.0,58.13,27.21972
455,EE0043,11.4234,0.0,0,100,1.0,0.0,1989.0,58.41972,26.57972
456,EE0046,23.052,0.0,0,100,1.0,0.0,1994.0,58.88,24.43
457,EG0003,1.575,0.0,0,100,1.0,0.0,1987.0,25.16667,30.5
458,EG0010,0.6734,0.0,0,100,1.0,0.0,1987.0,25.16667,30.5
459,EG0018,0.6607999999999999,0.0,0,100,1.0,0.0,1987.0,25.16667,30.5
460,ES0035,10.11158,0.0,0,100,1.0,0.0,1980.0,37.16667,-3.43333
461,ES0037,4.73654,0.0,0,100,1.0,0.0,1980.0,37.31667,-3.13333
462,ES0041,11.588919999999998,0.0,0,100,1.0,0.0,1984.0,41.73889,1.36944
463,GB0026,7.994,0.0,0,100,1.0,0.0,1981.0,53.33333,-1.2
464,GB0029,24.6645,0.0,0,100,1.0,0.0,1981.0,53.11667,-2.91667
465,GB0030,13.916400000000001,0.0,0,100,1.0,0.0,1981.0,52.78333,-3.08333
466,GB0031,9.911,0.0,0,100,1.0,0.0,1981.0,51.08333,0.83333
467,GB0032,37.3793,25.344,0,100,0.84,0.16,1981.0,53.13333,-3.58333
468,GB0033,65.664,69.918,0,100,0.24,0.76,1981.0,52.45,0.08333
469,GB0034,93.20400000000002,11.703999999999999,0,100,0.86,0.14,1981.0,52.45,0.08333
470,GB0036,17.280099999999997,0.0,0,100,1.0,0.0,1981.0,53.11667,-2.91667
471,GB0037,12.5572,0.0,0,100,1.0,0.0,1981.0,51.66667,-0.8
472,GB0039,12.8133,0.0,0,100,1.0,0.0,1981.0,51.73333,0.41667
473,GB0040,10.432,0.0,0,100,1.0,0.0,1981.0,52.08333,0.33333
474,GB0041,15.5679,0.0,0,100,1.0,0.0,1981.0,51.18333,0.93333
475,GB0048,13.727199999999998,0.0,0,100,1.0,0.0,1981.0,53.25,-1.08333
476,GE0001,32.44677,0.0,0,100,1.0,0.0,1974.0,40.71667,44.8
477,GE0006,9.82454,0.0,0,100,1.0,0.0,1974.0,41.75,41.75
478,GN0004,18.753349999999998,0.0,0,100,1.0,0.0,1969.0,10.2,-14.03333
479,GN0005,6.7860000000000005,0.0,0,100,1.0,0.0,1969.0,10.2,-14.03333
480,GN0007,37.77425,0.0,0,100,1.0,0.0,1969.0,10.2,-14.03333
481,GN0008,17.69955,0.0,0,100,1.0,0.0,1969.0,10.2,-14.03333
482,GR0012,10.291599999999999,0.0,0,100,1.0,0.0,1983.0,37.63583,22.83417
483,GT0002,29.075160000000004,0.0,0,100,1.0,0.0,1983.0,14.63333,-90.36667
484,GT0004,16.510180000000002,0.0,0,100,1.0,0.0,1983.0,15.8,-89.83333
485,GT0007,13.32028,0.0,0,100,1.0,0.0,1983.0,15.8,-89.83333
486,GT0008,19.36486,0.0,0,100,1.0,0.0,1983.0,14.8,-89.83333
487,GT0009,20.43102,0.0,0,100,1.0,0.0,1983.0,15.8,-89.83333
488,GT0010,12.80504,0.0,0,100,1.0,0.0,1983.0,15.8,-89.83333
489,HN0003,14.08626,0.0,0,100,1.0,0.0,1983.0,14.5,-87.65
490,HN0005,11.517229999999998,0.0,0,100,1.0,0.0,1983.0,14.5,-87.65
491,HN0006,13.65981,0.0,0,100,1.0,0.0,1983.0,14.5,-87.65
492,HN0007,26.959600000000002,0.0,0,100,1.0,0.0,1983.0,14.5,-87.65
493,HN0008,14.424779999999998,0.0,0,100,1.0,0.0,1983.0,14.5,-87.65
494,HU0004,2.6557999999999997,0.0,0,100,1.0,0.0,1992.0,48.04972,22.18
495,HU0005,4.485,0.0,0,100,1.0,0.0,1992.0,46.88,19.56972
496,HU0006,3.2119,0.0,0,100,1.0,0.0,1992.0,48.04972,22.2
497,HU0008,4.1549,0.0,0,100,1.0,0.0,1992.0,48.02972,21.87
498,HU0009,23.514800000000005,0.0,0,100,1.0,0.0,1992.0,47.47,21.43
499,HU0010,16.5381,0.0,0,100,1.0,0.0,1992.0,47.02972,18.42
500,HU0011,19.6766,0.0,0,100,1.0,0.0,1992.0,47.77972,22.39972
501,HU0012,15.927600000000002,0.0,0,100,1.0,0.0,1992.0,47.72972,18.72972
502,HU0013,11.264100000000003,0.0,0,100,1.0,0.0,1992.0,41.52,17.77
503,HU0015,9.385000000000002,0.0,0,100,1.0,0.0,1992.0,46.13,18.62972
504,HU0016,10.458,0.0,0,100,1.0,0.0,1992.0,45.97972,18.72972
505,HU0017,6.748,0.0,0,100,1.0,0.0,1992.0,47.04,17.06972
506,HU0018,7.24,0.0,0,100,1.0,0.0,1992.0,48.13,22.32972
507,HU0019,21.7525,0.0,0,100,1.0,0.0,1992.0,46.66972,17.39972
508,HU0025,13.8521,0.0,0,100,1.0,0.0,1992.0,47.47972,18.07972
509,HU0026,12.649200000000002,0.0,0,100,1.0,0.0,1992.0,47.97,20.42
510,HU0027,6.584,0.0,0,100,1.0,0.0,1992.0,46.09972,17.76
511,HU0030,9.934800000000001,0.0,0,100,1.0,0.0,1992.0,47.58,17.57972
512,HU0031,12.790899999999999,0.0,0,100,1.0,0.0,1992.0,47.31972,21.47972
513,HU0034,12.2375,0.0,0,100,1.0,0.0,1992.0,47.77,20.28
514,HU0035,8.825,0.0,0,100,1.0,0.0,1992.0,46.33,18.42
515,HU0036,5.8595999999999995,0.0,0,100,1.0,0.0,1992.0,46.75,19.6
516,HU0037,4.3693,0.0,0,100,1.0,0.0,1992.0,47.02972,19.17
517,HU0040,16.4302,0.0,0,100,1.0,0.0,1992.0,47.47,21.22972
518,HU0043,12.314,0.0,0,100,1.0,0.0,1992.0,47.63,16.82972
519,ID0017,19.035680000000003,0.0,0,100,1.0,0.0,1981.0,-7.98333,112.66667
520,ID0028,12.527619999999999,0.0,0,100,1.0,0.0,1982.0,-4.86667,104.98333
521,ID0029,16.23172,0.0,0,100,1.0,0.0,1982.0,0.0,102.0
522,ID0040,13.804310000000001,0.0,0,100,1.0,0.0,1985.0,-6.45833,106.79361
523,ID0041,15.88232,0.0,0,100,1.0,0.0,1985.0,-6.52222,106.35278
524,ID0042,11.50166,0.0,0,100,1.0,0.0,1985.0,-1.84444,101.47778
525,ID0043,11.9071,0.0,0,100,1.0,0.0,1985.0,-1.08611,101.01806
526,ID0044,12.04867,0.0,0,100,1.0,0.0,1985.0,-0.91667,101.76389
527,ID0047,10.12146,0.0,0,100,1.0,0.0,1985.0,-1.60694,102.30417
528,ID0053,9.089239999999998,17.248,0,100,0.8,0.2,1987.0,2.26667,98.66667
529,ID0055,19.727970000000003,0.0,0,100,1.0,0.0,1987.0,-7.86667,112.43333
530,ID0067,10.56042,0.0,0,100,1.0,0.0,1987.0,-6.43333,107.4
531,ID0068,12.527429999999999,0.0,0,100,1.0,0.0,1987.0,-7.85,112.7
532,ID0069,8.5515,0.0,0,100,1.0,0.0,1987.0,-0.45,100.45
533,ID0071,9.808589999999999,0.0,0,100,1.0,0.0,1988.0,-1.02083,116.56667
534,ID0072,9.08977,0.0,0,100,1.0,0.0,1988.0,-0.8625,116.57083
535,ID0073,8.41555,0.0,0,100,1.0,0.0,1988.0,-1.02083,116.56667
536,ID0074,13.0272,0.0,0,100,1.0,0.0,1988.0,-0.8625,116.57083
537,ID0075,9.237219999999999,0.0,0,100,1.0,0.0,1988.0,-0.96667,116.54167
538,ID0076,9.26246,0.0,0,100,1.0,0.0,1988.0,-0.99583,116.57083
539,ID0077,7.248159999999999,0.0,0,100,1.0,0.0,1988.0,-0.70833,116.70833
540,ID0080,7.7123,0.0,0,100,1.0,0.0,1988.0,-1.01667,116.5625
541,ID0081,8.082799999999999,0.0,0,100,1.0,0.0,1988.0,-1.01667,116.5625
542,ID0082,8.445450000000001,0.0,0,100,1.0,0.0,1988.0,-0.96667,116.54167
543,ID0083,10.847020000000002,0.0,0,100,1.0,0.0,1988.0,-0.96667,116.54167
544,ID0084,8.22464,0.0,0,100,1.0,0.0,1988.0,-0.69583,116.72083
545,ID0085,9.4344,0.0,0,100,1.0,0.0,1988.0,-0.8625,116.57083
546,ID0086,8.5307,0.0,0,100,1.0,0.0,1988.0,-0.70417,116.7125
547,ID0087,7.786919999999999,0.0,0,100,1.0,0.0,1988.0,-0.99583,116.57083
548,ID0088,7.14895,0.0,0,100,1.0,0.0,1988.0,-0.9,116.55417
549,ID0089,7.36592,0.0,0,100,1.0,0.0,1988.0,-0.975,116.54167
550,ID0090,8.4713,0.0,0,100,1.0,0.0,1988.0,-0.69583,116.72083
551,ID0091,10.51332,0.0,0,100,1.0,0.0,1988.0,-0.70833,116.70833
552,ID0092,7.294829999999999,0.0,0,100,1.0,0.0,1988.0,-0.9,116.55417
553,ID0094,6.63678,0.0,0,100,1.0,0.0,1988.0,-0.975,116.54167
554,ID0095,6.642799999999999,0.0,0,100,1.0,0.0,1988.0,-1.01667,116.5625
555,IN0010,1.2863499999999997,0.0,0,100,1.0,0.0,,26.08333,72.83333
556,IN0049,6.026400000000001,0.0,0,100,1.0,0.0,1977.0,24.56667,80.25
557,IN0056,1.65712,0.0,0,100,1.0,0.0,1979.0,27.5,71.68333
558,IN0057,1.65712,0.0,0,100,1.0,0.0,1979.0,27.5,71.68333
559,IN0058,1.6393399999999998,0.0,0,100,1.0,0.0,1979.0,26.83333,75.75
560,IN0059,0.96074,0.0,0,100,1.0,0.0,1979.0,26.83333,75.75
561,IN0060,1.2863499999999997,0.0,0,100,1.0,0.0,1979.0,26.08333,72.83333
562,IN0064,2.5661100000000006,0.0,0,100,1.0,0.0,1979.0,26.25,83.21667
563,IN0066,6.7719200000000015,0.0,0,100,1.0,0.0,1979.0,33.58333,75.08333
564,IN0067,4.19966,0.0,0,100,1.0,0.0,1979.0,30.16667,76.43333
565,IN0076,5.11433,0.0,0,100,1.0,0.0,1979.0,30.25,76.41667
566,IN0078,6.296659999999999,0.0,0,100,1.0,0.0,1979.0,24.16667,88.28333
567,IN0079,6.87576,0.0,0,100,1.0,0.0,1979.0,29.02222,79.48889
568,IN0086,8.02153,0.0,0,100,1.0,0.0,1979.0,20.26667,81.48333
569,IN0088,3.5318100000000006,0.0,0,100,1.0,0.0,1979.0,25.25833,83.26111
570,IN0089,3.88803,0.0,0,100,1.0,0.0,1979.0,34.0,74.75
571,IN0106,6.726389999999999,0.0,0,100,1.0,0.0,1979.0,29.02222,79.48889
572,IN0108,8.02153,0.0,0,100,1.0,0.0,1979.0,20.26667,81.48333
573,IN0109,1.89324,0.0,0,100,1.0,0.0,1979.0,29.25,74.33333
574,IN0110,1.89324,0.0,0,100,1.0,0.0,1979.0,29.25,74.33333
575,IN0112,9.30035,0.0,0,100,1.0,0.0,1979.0,20.2,72.83333
576,IN0113,9.30035,0.0,0,100,1.0,0.0,1979.0,20.2,72.83333
577,IN0118,7.227450000000001,0.0,0,100,1.0,0.0,1979.0,20.93333,77.78333
578,IN0119,6.39924,0.0,0,100,1.0,0.0,1979.0,22.71667,75.8
579,IN0121,8.77925,0.0,0,100,1.0,0.0,1979.0,18.21667,75.66667
580,IN0124,5.91672,0.0,0,100,1.0,0.0,1979.0,23.16667,79.95
581,IN0134,8.77925,0.0,0,100,1.0,0.0,1979.0,18.21667,75.66667
582,IN0136,8.10745,0.0,0,100,1.0,0.0,1979.0,20.93333,77.78333
583,IN0137,5.91672,0.0,0,100,1.0,0.0,1979.0,23.16667,79.95
584,IN0144,7.81468,0.0,0,100,1.0,0.0,1982.0,18.05972,78.25472
585,IN0145,8.25587,0.0,0,100,1.0,0.0,1982.0,18.05,78.25
586,IN0146,8.3674,0.0,0,100,1.0,0.0,1982.0,23.16667,79.98333
587,IN0147,8.268350000000002,0.0,0,100,1.0,0.0,1982.0,21.16667,79.2
588,IN0155,8.0811,0.0,0,100,1.0,0.0,1988.0,21.21667,78.25
589,IN0156,5.7409,0.0,0,100,1.0,0.0,1988.0,21.03333,79.06667
590,IN0158,7.3502,0.0,0,100,1.0,0.0,1988.0,20.66667,77.08333
591,IN0159,8.101,0.0,0,100,1.0,0.0,1988.0,21.1,77.13333
592,IN0161,8.6966,0.0,0,100,1.0,0.0,1990.0,17.54167,78.4
593,IN0163,2.5371,0.0,0,100,1.0,0.0,1990.0,9.9,78.0
594,IT0038,77.76000000000002,0.0,0,100,1.0,0.0,1985.0,40.83333,14.75
595,IT0049,15.068400000000002,0.0,0,100,1.0,0.0,1986.0,44.78333,11.01667
596,IT0051,18.02328,0.0,0,100,1.0,0.0,1986.0,44.78333,11.01667
597,IT0052,8.850719999999999,0.0,0,100,1.0,0.0,1986.0,45.26667,11.11667
598,IT0062,5.27453,0.0,0,100,1.0,0.0,1987.0,45.31667,9.5
599,IT0063,11.66894,0.0,0,100,1.0,0.0,1987.0,45.31667,9.5
600,IT0065,17.76288,0.0,0,100,1.0,0.0,1988.0,41.83333,12.5
601,IT0067,14.607,0.0,0,100,1.0,0.0,1988.0,41.83333,12.5
602,IT0068,5.350960000000001,0.0,0,100,1.0,0.0,1988.0,40.31667,18.1
603,IT0069,19.004309999999997,0.0,0,100,1.0,0.0,1989.0,41.46667,15.38333
604,IT0070,15.9916,0.0,0,100,1.0,0.0,1989.0,41.46667,15.38333
605,IT0071,18.33724,0.0,0,100,1.0,0.0,1989.0,41.46667,15.38333
606,JM0051,3.9850000000000003,0.0,0,100,1.0,0.0,1986.0,18.26667,-77.93333
607,JM0052,9.6,0.0,0,100,1.0,0.0,1986.0,18.33333,-77.98333
608,JO0005,6.604680000000001,0.0,0,100,1.0,0.0,1982.0,31.9,35.61667
609,JO0006,11.58036,0.0,0,100,1.0,0.0,1982.0,31.66667,36.73333
610,JO0007,5.430020000000001,0.0,0,100,1.0,0.0,1982.0,30.05,35.5
611,JO0008,9.032779999999999,0.0,0,100,1.0,0.0,1982.0,32.2,35.6
612,JO0009,1.7089599999999998,0.0,0,100,1.0,0.0,1982.0,31.75,36.83333
613,JO0010,10.79033,0.0,0,100,1.0,0.0,1982.0,31.91667,35.9
614,JO0011,10.79033,0.0,0,100,1.0,0.0,1982.0,32.33333,35.78333
615,JO0014,2.5659,0.0,0,100,1.0,0.0,1982.0,31.9,36.35
616,JO0015,6.2362400000000004,0.0,0,100,1.0,0.0,1982.0,31.75,36.83333
617,JO0017,3.93875,0.0,0,100,1.0,0.0,1982.0,31.9,36.35
618,JO0018,4.6848600000000005,0.0,0,100,1.0,0.0,1982.0,30.38333,35.53333
619,JO0020,14.756890000000002,0.0,0,100,1.0,0.0,1982.0,32.61667,35.61667
620,JO0021,6.40212,0.0,0,100,1.0,0.0,1982.0,30.24639,35.83333
621,JO0022,10.94826,0.0,0,100,1.0,0.0,1982.0,32.53333,35.96667
622,JO0023,6.6277599999999985,0.0,0,100,1.0,0.0,1982.0,32.46667,35.96667
623,JO0024,15.35143,0.0,0,100,1.0,0.0,1982.0,32.75,35.5
624,JO0025,5.430020000000001,0.0,0,100,1.0,0.0,1984.0,30.16667,35.66667
625,JO0026,9.198049999999999,0.0,0,100,1.0,0.0,1984.0,32.25,35.5
626,JO0027,6.604680000000001,0.0,0,100,1.0,0.0,1984.0,31.83333,35.5
627,JO0028,11.790610000000001,0.0,0,100,1.0,0.0,1984.0,31.75,36.83333
628,JO0030,4.6848600000000005,0.0,0,100,1.0,0.0,1984.0,30.33333,35.75
629,JO0031,6.40212,0.0,0,100,1.0,0.0,1984.0,31.91667,35.93333
630,JO0032,6.6277599999999985,0.0,0,100,1.0,0.0,1984.0,32.58333,35.83333
631,JO0033,10.94826,0.0,0,100,1.0,0.0,1984.0,32.66667,35.66667
632,JP0033,57.00300000000001,0.0,0,100,1.0,0.0,1990.0,36.36667,139.48333
633,KE0031,1.9234,0.0,0,100,1.0,0.0,,3.04972,35.43
634,KE0052,9.894000000000002,0.0,0,100,1.0,0.0,,0.16972,34.06972
635,KE0058,3.274,0.0,0,100,1.0,0.0,,0.16972,34.08
636,KE0072,3.4038199999999996,0.0,0,100,1.0,0.0,,-3.61667,39.83333
637,KE0075,6.098,0.0,0,100,1.0,0.0,,-3.32972,38.61
638,KE0078,8.005,0.0,0,100,1.0,0.0,,0.16972,34.25
639,KE0081,11.832999999999998,0.0,0,100,1.0,0.0,,0.5,34.25
640,KE0086,5.0582,0.0,0,100,1.0,0.0,,-3.5,38.75
641,KE0100,8.387599999999999,0.0,0,100,1.0,0.0,,-3.38,38.83
642,KE0109,7.027400000000001,0.0,0,100,1.0,0.0,,-3.26972,38.52
643,KE0115,16.59,0.0,0,100,1.0,0.0,,0.2,34.72972
644,KE0221,16.6,0.0,0,100,1.0,0.0,1975.0,-0.69,34.77972
645,KE0262,29.335,0.0,0,100,1.0,0.0,1978.0,-2.77972,37.45
646,KE0273,8.81,0.0,0,100,1.0,0.0,1978.0,-2.79972,37.75
647,KE0287,19.9849,0.0,0,100,1.0,0.0,1978.0,-0.75917,36.62861
648,KE0314,3.7196000000000007,0.0,0,100,1.0,0.0,1982.0,-3.6,39.86667
649,KE0315,7.69665,0.0,0,100,1.0,0.0,1982.0,-3.77917,39.64417
650,KR0206,6.85397,0.0,0,100,1.0,0.0,1985.0,35.26694,128.98833
651,KR0213,10.382380000000001,0.0,0,100,1.0,0.0,1985.0,35.96944,127.06194
652,LK0011,4.448259999999999,0.0,0,100,1.0,0.0,1982.0,7.28333,80.81667
653,LK0012,11.627550000000001,0.0,0,100,1.0,0.0,1982.0,7.2,-80.58333
654,LR0001,11.8683,0.0,0,100,1.0,0.0,1974.0,7.93333,-11.5
655,LR0015,15.46,0.0,0,100,1.0,0.0,1980.0,7.26667,-11.21667
656,LR0017,14.673399999999999,0.0,0,100,1.0,0.0,1980.0,7.26667,-11.21667
657,LS0013,14.60108,0.0,0,100,1.0,0.0,1982.0,-29.81667,27.23333
658,LS0014,14.33333,0.0,0,100,1.0,0.0,1982.0,-29.81667,29.23333
659,LS0016,10.655850000000001,0.0,0,100,1.0,0.0,1982.0,-29.81667,27.23333
660,LS0017,15.04231,0.0,0,100,1.0,0.0,1982.0,-29.8,27.23333
661,LS0018,5.908970000000001,0.0,0,100,1.0,0.0,1982.0,-29.31667,27.48333
662,LS0019,4.7941199999999995,0.0,0,100,1.0,0.0,1982.0,-29.46667,29.26667
663,LS0020,6.712739999999998,0.0,0,100,1.0,0.0,1982.0,-29.15,27.75
664,LS0021,9.37436,0.0,0,100,1.0,0.0,1982.0,-28.86667,28.05
665,LS0022,7.689160000000001,0.0,0,100,1.0,0.0,1982.0,-29.15,27.75
666,LS0023,3.9270400000000003,0.0,0,100,1.0,0.0,1982.0,-28.86667,28.05
667,LS0024,29.241469999999996,0.0,0,100,1.0,0.0,1982.0,-29.46667,29.26667
668,LS0025,24.501350000000002,0.0,0,100,1.0,0.0,1982.0,-29.15,27.75
669,LS0026,17.268479999999997,0.0,0,100,1.0,0.0,1982.0,-29.15,27.75
670,LS0027,33.405660000000005,0.0,0,100,1.0,0.0,1982.0,-29.81667,27.23333
671,LT0006,424.0197,0.0,0,100,1.0,0.0,1975.0,55.45,23.23972
672,LT0012,9.8007,0.0,0,100,1.0,0.0,1985.0,55.22,21.22972
673,LT0013,0.0,5.819999999999999,0,100,0.0,1.0,1985.0,54.20972,23.42
674,LT0017,16.64,0.0,0,100,1.0,0.0,1994.0,55.34972,23.42
675,LT0018,9.4,0.0,0,100,1.0,0.0,1994.0,54.52972,23.5
676,LT0019,4.6000000000000005,0.0,0,100,1.0,0.0,1994.0,54.38,23.42
677,LT0020,12.620000000000001,0.0,0,100,1.0,0.0,1994.0,55.0,22.29972
678,LV0001,385.08710999999994,0.0,0,100,1.0,0.0,,56.76667,24.31667
679,LV0002,11.173,0.0,0,100,1.0,0.0,1994.0,56.50972,23.67
680,LV0003,7.554,0.0,0,100,1.0,0.0,1994.0,57.38,25.07972
681,LV0004,16.6184,24.264,0,100,0.82,0.18,1994.0,57.09972,24.6
682,LV0010,4.0840000000000005,0.0,0,100,1.0,0.0,1997.0,57.13,24.27
683,LY0002,1.8182,0.0,0,100,1.0,0.0,1980.0,32.96667,13.2
684,LY0003,2.08015,0.0,0,100,1.0,0.0,1980.0,32.96667,13.2
685,LY0010,4.53458,0.0,0,100,1.0,0.0,1980.0,32.43333,21.13333
686,LY0011,3.0118799999999997,0.0,0,100,1.0,0.0,1980.0,32.11667,20.08333
687,LY0012,8.09422,0.0,0,100,1.0,0.0,1980.0,32.43333,21.13333
688,LY0013,3.9758,0.0,0,100,1.0,0.0,1980.0,32.75,22.65
689,LY0016,4.67783,0.0,0,100,1.0,0.0,1980.0,32.11667,20.08333
690,LY0017,10.02596,0.0,0,100,1.0,0.0,1980.0,32.43333,21.13333
691,MA0023,11.589500000000001,0.0,0,100,1.0,0.0,1987.0,33.15,-7.55
692,MA0024,18.93328,0.0,0,100,1.0,0.0,1987.0,33.06667,-7.6
693,MA0025,12.18965,0.0,0,100,1.0,0.0,1987.0,33.06667,-7.6
694,MA0026,14.7231,0.0,0,100,1.0,0.0,1987.0,33.06667,-7.6
695,MD0001,20.9388,0.0,0,100,1.0,0.0,1967.0,47.22972,27.42
696,MD0003,19.0739,0.0,0,100,1.0,0.0,1967.0,46.29972,28.29
697,MD0004,28.528000000000002,0.0,0,100,1.0,0.0,1967.0,47.04972,28.54972
698,MD0005,19.129799999999996,0.0,0,100,1.0,0.0,1967.0,46.34972,28.51
699,MD0006,23.8316,0.0,0,100,1.0,0.0,1967.0,48.06972,27.14972
700,MD0007,19.999000000000002,0.0,0,100,1.0,0.0,1967.0,47.52,29.1
701,MD0008,26.334000000000003,0.0,0,100,1.0,0.0,1967.0,47.54972,27.22972
702,MD0009,18.290499999999998,0.0,0,100,1.0,0.0,1967.0,47.04972,29.0
703,MD0010,11.772,0.0,0,100,1.0,0.0,1967.0,46.15,28.2
704,MD0011,20.195999999999998,0.0,0,100,1.0,0.0,1967.0,46.29972,28.2
705,MD0012,21.503800000000002,0.0,0,100,1.0,0.0,1967.0,48.04972,28.40972
706,MD0013,18.938000000000002,0.0,0,100,1.0,0.0,1967.0,45.36,28.12972
707,MD0014,20.225199999999997,0.0,0,100,1.0,0.0,1967.0,46.27972,28.46972
708,MD0015,22.59,0.0,0,100,1.0,0.0,1967.0,47.25,28.06972
709,MD0017,29.765,0.0,0,100,1.0,0.0,1967.0,47.56,29.06972
710,MD0018,26.3812,0.0,0,100,1.0,0.0,1967.0,47.36972,28.1
711,MD0019,18.839,0.0,0,100,1.0,0.0,1977.0,46.5,29.45972
712,MD0023,15.3591,0.0,0,100,1.0,0.0,1977.0,46.38,28.54972
713,MD0024,10.706,0.0,0,100,1.0,0.0,1987.0,45.54972,28.07972
714,MD0030,16.6956,0.0,0,100,1.0,0.0,1987.0,47.52,27.29972
715,MD0031,17.802,0.0,0,100,1.0,0.0,1987.0,47.54972,27.39972
716,MD0032,32.5437,0.0,0,100,1.0,0.0,1987.0,46.47,28.44
717,MD0033,30.240000000000002,0.0,0,100,1.0,0.0,1987.0,47.06972,28.53
718,MD0034,23.100499999999997,0.0,0,100,1.0,0.0,1997.0,47.36,27.57972
719,MD0035,15.781000000000002,0.0,0,100,1.0,0.0,1997.0,46.29972,29.5
720,MD0036,24.0442,0.0,0,100,1.0,0.0,1997.0,47.56,27.2
721,MD0037,24.776,0.0,0,100,1.0,0.0,1997.0,47.5,28.2
722,MD0038,24.1188,0.0,0,100,1.0,0.0,1997.0,46.15,28.28
723,MD0039,29.601,0.0,0,100,1.0,0.0,1997.0,48.09972,28.12972
724,MD0040,24.9311,0.0,0,100,1.0,0.0,1997.0,46.47,28.54972
725,MD0041,16.9164,0.0,0,100,1.0,0.0,1997.0,48.18,28.03
726,MD0043,11.085899999999999,0.0,0,100,1.0,0.0,1997.0,47.25,28.25
727,MD0044,6.7751,0.0,0,100,1.0,0.0,1997.0,48.16972,27.30972
728,MD0045,25.4565,0.0,0,100,1.0,0.0,1997.0,48.09972,27.54972
729,MG0004,12.307559999999999,0.0,0,100,1.0,0.0,,-21.15944,47.32667
730,ML0015,3.9529599999999996,0.0,0,100,1.0,0.0,1990.0,12.66667,-7.98333
731,ML0016,2.53975,0.0,0,100,1.0,0.0,1990.0,12.66667,-7.98333
732,ML0017,4.4213000000000005,0.0,0,100,1.0,0.0,1990.0,12.66667,-7.98333
733,ML0018,3.46706,0.0,0,100,1.0,0.0,1990.0,12.66667,-7.98333
734,ML0019,3.17978,0.0,0,100,1.0,0.0,1990.0,12.66667,-7.98333
735,ML0020,6.32696,0.0,0,100,1.0,0.0,1990.0,12.66667,-7.98333
736,MN0004,11.65489,0.0,0,100,1.0,0.0,1993.0,48.07528,106.525
737,MX0008,41.267999999999994,0.0,0,100,1.0,0.0,1980.0,19.55972,-100.26972
738,MX0011,3.2780000000000005,0.0,0,100,1.0,0.0,1980.0,31.95972,-115.16972
739,MX0015,5.9940999999999995,0.0,0,100,1.0,0.0,1980.0,15.03972,-92.51972
740,MX0017,14.289,0.0,0,100,1.0,0.0,1980.0,20.37972,-88.11
741,MX0018,15.982800000000001,0.0,0,100,1.0,0.0,1980.0,17.73972,-93.26
742,MX0019,5.153,0.0,0,100,1.0,0.0,1980.0,31.26,-115.76
743,MX0020,5.58,0.0,0,100,1.0,0.0,1980.0,17.97972,-93.83972
744,MX0021,9.251000000000001,0.0,0,100,1.0,0.0,1980.0,18.39972,-91.4
745,MX0032,4.390000000000001,0.0,0,100,1.0,0.0,1980.0,18.35,-102.33972
746,MX0034,8.294,0.0,0,100,1.0,0.0,1980.0,17.48972,-92.97
747,MX0035,11.946000000000002,0.0,0,100,1.0,0.0,1980.0,17.59,-91.44972
748,MX0042,12.430000000000001,0.0,0,100,1.0,0.0,1980.0,29.36,-107.77972
749,MX0045,8.294,0.0,0,100,1.0,0.0,1980.0,25.79,-108.9
750,MX0046,12.045,0.0,0,100,1.0,0.0,1980.0,18.57972,-88.62
751,MX0048,4.125000000000001,0.0,0,100,1.0,0.0,1980.0,25.79,-108.9
752,MX0050,17.091359999999998,0.0,0,100,1.0,0.0,1991.0,20.16667,-99.08333
753,MX0052,7.363039999999999,0.0,0,100,1.0,0.0,1991.0,17.98194,-93.38694
754,MX0053,16.04897,0.0,0,100,1.0,0.0,1991.0,17.65722,-92.96417
755,MX0057,12.699879999999997,0.0,0,100,1.0,0.0,1991.0,19.25167,-90.08667
756,MX0058,4.77984,0.0,0,100,1.0,0.0,1991.0,20.83333,-102.76667
757,MX0059,9.94149,0.0,0,100,1.0,0.0,1991.0,20.41167,-98.7575
758,MX0063,12.94696,0.0,0,100,1.0,0.0,1991.0,20.41667,-100.91667
759,MY0002,13.08425,0.0,0,100,1.0,0.0,,1.5,111.0
760,MY0019,6.524589999999999,0.0,0,100,1.0,0.0,1977.0,3.15,101.58333
761,MY0042,9.620549999999998,0.0,0,100,1.0,0.0,1984.0,5.26667,100.56667
762,MY0046,7.38398,0.0,0,100,1.0,0.0,1987.0,3.03333,101.7
763,NE0006,1.7254,0.0,0,100,1.0,0.0,,13.11028,1.73444
764,NE0007,1.7556000000000003,0.0,0,100,1.0,0.0,,13.11167,1.73611
765,NE0008,1.2376,0.0,0,100,1.0,0.0,,13.11361,1.73083
766,NE0014,5.7626,0.0,0,100,1.0,0.0,,13.22694,1.29806
767,NE0022,2.296,0.0,0,100,1.0,0.0,,11.86861,3.59861
768,NE0037,1.3591900000000001,0.0,0,100,1.0,0.0,,13.1125,1.735
769,NE0043,3.2746,0.0,0,100,1.0,0.0,,11.98111,3.55694
770,NE0045,2.01196,0.0,0,100,1.0,0.0,,13.54861,2.7
771,NE0046,3.1212,0.0,0,100,1.0,0.0,,12.80333,2.49944
772,NE0051,6.678,0.0,0,100,1.0,0.0,,12.26111,2.39167
773,NE0055,3.6244000000000005,0.0,0,100,1.0,0.0,,12.25361,3.56389
774,NE0057,4.7003,0.0,0,100,1.0,0.0,,11.98139,3.56028
775,NE0061,4.146,0.0,0,100,1.0,0.0,,13.63583,1.83806
776,NE0062,1.5990000000000002,0.0,0,100,1.0,0.0,,13.63333,1.48333
777,NE0070,4.260400000000001,0.0,0,100,1.0,0.0,,12.25722,3.56667
778,NE0072,2.8796000000000004,0.0,0,100,1.0,0.0,,13.62194,1.85667
779,NE0075,1.0219999999999998,0.0,0,100,1.0,0.0,,14.31833,2.01361
780,NE0077,3.68,0.0,0,100,1.0,0.0,,14.33472,1.97306
781,NE0079,0.4720000000000001,0.0,0,100,1.0,0.0,,14.31861,1.96667
782,NE0080,1.2329999999999999,0.0,0,100,1.0,0.0,,14.32389,1.98639
783,NE0081,1.3199999999999998,0.0,0,100,1.0,0.0,,14.33056,1.96472
784,NE0084,2.0460000000000003,0.0,0,100,1.0,0.0,,14.32889,1.94944
785,NE0086,1.008,0.0,0,100,1.0,0.0,,12.8,3.41667
786,NE0092,2.3947000000000003,0.0,0,100,1.0,0.0,,11.98917,3.56611
787,NE0110,1.06625,0.0,0,100,1.0,0.0,,14.25472,3.37694
788,NE0111,1.3943199999999998,0.0,0,100,1.0,0.0,,14.23972,3.42972
789,NE0112,1.2280000000000002,0.0,0,100,1.0,0.0,,14.33611,1.96056
790,NE0113,2.12238,0.0,0,100,1.0,0.0,,13.26306,2.9
791,NE0114,1.21405,0.0,0,100,1.0,0.0,,13.11278,1.735
792,NE0116,4.1838500000000005,0.0,0,100,1.0,0.0,,11.97972,3.56083
793,NE0117,1.84775,0.0,0,100,1.0,0.0,,13.54056,2.7175
794,NE0122,1.32414,0.0,0,100,1.0,0.0,,13.31667,2.175
795,NE0125,1.3104,0.0,0,100,1.0,0.0,,13.54611,2.45056
796,NE0129,2.553,0.0,0,100,1.0,0.0,,13.24806,1.27694
797,NE0130,1.8862,0.0,0,100,1.0,0.0,,13.22556,2.2875
798,NE0132,1.3980000000000001,0.0,0,100,1.0,0.0,,13.60694,1.93583
799,NE0134,1.4915999999999998,0.0,0,100,1.0,0.0,,13.26306,2.89056
800,NE0138,1.8739999999999999,0.0,0,100,1.0,0.0,,13.54444,2.42556
801,NE0139,1.36868,0.0,0,100,1.0,0.0,,14.25361,3.35194
802,NE0142,3.788,0.0,0,100,1.0,0.0,,11.98194,3.56306
803,NE0147,1.75379,0.0,0,100,1.0,0.0,,13.26306,2.88889
804,NE0151,0.8983999999999999,0.0,0,100,1.0,0.0,,13.5575,2.43528
805,NE0153,2.749,0.0,0,100,1.0,0.0,,12.26111,3.56472
806,NE0155,1.87,0.0,0,100,1.0,0.0,,13.55,2.33333
807,NE0156,1.2440000000000002,0.0,0,100,1.0,0.0,,14.32972,2.01194
808,NE0160,2.22045,0.0,0,100,1.0,0.0,,13.23722,2.29
809,NE0161,1.89662,0.0,0,100,1.0,0.0,,13.22333,2.275
810,NE0162,1.20764,0.0,0,100,1.0,0.0,,13.55139,2.66778
811,NE0163,2.45508,0.0,0,100,1.0,0.0,,13.23722,2.27667
812,NE0164,1.41168,0.0,0,100,1.0,0.0,,13.525,2.64139
813,NE0168,1.9254,0.0,0,100,1.0,0.0,,13.1125,1.73417
814,NE0170,2.5144,0.0,0,100,1.0,0.0,,13.59472,1.95861
815,NE0171,1.4833000000000003,0.0,0,100,1.0,0.0,,13.10889,1.73028
816,NE0174,1.4771100000000001,0.0,0,100,1.0,0.0,,13.525,2.64333
817,NE0175,0.9734,0.0,0,100,1.0,0.0,,13.54722,2.43278
818,NE0178,1.4945500000000003,0.0,0,100,1.0,0.0,,13.55528,2.7025
819,NE0180,1.7952400000000002,0.0,0,100,1.0,0.0,,13.54833,2.69861
820,NE0181,1.3737000000000001,0.0,0,100,1.0,0.0,,13.54639,2.69889
821,NE0188,1.4101399999999997,0.0,0,100,1.0,0.0,,13.525,2.63917
822,NE0189,1.41235,0.0,0,100,1.0,0.0,,13.52667,2.64111
823,NE0190,0.92245,0.0,0,100,1.0,0.0,,13.60722,1.93806
824,NE0192,1.96038,0.0,0,100,1.0,0.0,,13.23639,2.28194
825,NE0193,1.7254500000000004,0.0,0,100,1.0,0.0,,13.52667,2.63722
826,NE0194,1.6629600000000002,0.0,0,100,1.0,0.0,,13.52472,2.63722
827,NE0198,1.3706,0.0,0,100,1.0,0.0,,13.10639,1.73139
828,NE0199,2.0054800000000004,0.0,0,100,1.0,0.0,,13.23722,2.29028
829,NE0203,3.006,0.0,0,100,1.0,0.0,,13.64528,1.82611
830,NE0217,4.192,0.0,0,100,1.0,0.0,,13.63806,1.84361
831,NE0218,2.9579999999999997,0.0,0,100,1.0,0.0,,13.64444,1.82778
832,NE0222,1.432,0.0,0,100,1.0,0.0,,13.64139,1.8375
833,NE0224,2.8699999999999997,0.0,0,100,1.0,0.0,,13.64694,1.82722
834,NE0225,2.436,0.0,0,100,1.0,0.0,,13.64639,1.82972
835,NE0228,1.8239999999999998,0.0,0,100,1.0,0.0,,13.61694,1.87083
836,NE0230,1.8583000000000003,0.0,0,100,1.0,0.0,,13.7425,1.72694
837,NE0232,4.145200000000001,0.0,0,100,1.0,0.0,,14.15333,1.49111
838,NE0246,2.3152,0.0,0,100,1.0,0.0,,13.10833,1.73389
839,NE0248,3.6437999999999997,0.0,0,100,1.0,0.0,,12.26472,3.57028
840,NE0261,3.3119999999999994,0.0,0,100,1.0,0.0,,13.63861,1.83528
841,NE0267,5.5202,0.0,0,100,1.0,0.0,,14.15417,1.49694
842,NE0269,7.6486,0.0,0,100,1.0,0.0,,13.03667,1.26861
843,NE0271,3.8600000000000003,0.0,0,100,1.0,0.0,,13.64611,1.82917
844,NE0275,4.1396,0.0,0,100,1.0,0.0,,11.97417,3.55389
845,NE0276,13.580400000000001,0.0,0,100,1.0,0.0,,13.27694,2.35417
846,NE0280,7.9459,0.0,0,100,1.0,0.0,,12.25944,3.56194
847,NE0281,1.9919999999999995,0.0,0,100,1.0,0.0,,13.64722,1.83083
848,NE0282,3.23378,0.0,0,100,1.0,0.0,,13.10889,1.7375
849,NE0287,8.5308,0.0,0,100,1.0,0.0,,14.03333,3.28333
850,NE0290,2.35386,0.0,0,100,1.0,0.0,,13.10833,1.73806
851,NE0292,10.5216,0.0,0,100,1.0,0.0,,12.73139,2.89028
852,NE0293,2.4032,0.0,0,100,1.0,0.0,,13.10917,1.73889
853,NE0296,3.9105,0.0,0,100,1.0,0.0,,12.25556,3.56306
854,NE0303,2.0751999999999997,0.0,0,100,1.0,0.0,,13.61611,1.86556
855,NE0334,2.1512000000000002,0.0,0,100,1.0,0.0,,14.15639,1.48639
856,NE0336,3.6898400000000002,0.0,0,100,1.0,0.0,,12.26028,3.56444
857,NE0340,4.3492,0.0,0,100,1.0,0.0,,14.15278,1.48639
858,NE0343,12.591999999999999,0.0,0,100,1.0,0.0,,13.68778,1.73778
859,NE0349,1.0994,0.0,0,100,1.0,0.0,,14.15722,1.49611
860,NE0353,2.128,0.0,0,100,1.0,0.0,,13.63778,1.83944
861,NE0354,1.568,0.0,0,100,1.0,0.0,,13.63889,1.84111
862,NE0361,2.5676000000000005,0.0,0,100,1.0,0.0,,12.79528,2.47972
863,NE0378,2.319,0.0,0,100,1.0,0.0,,14.2025,1.46444
864,NE0393,3.03106,0.0,0,100,1.0,0.0,,13.1125,1.73778
865,NE0394,3.6859999999999995,0.0,0,100,1.0,0.0,,12.16583,3.4825
866,NE0395,2.0811,0.0,0,100,1.0,0.0,,13.10667,1.73333
867,NE0396,3.291,0.0,0,100,1.0,0.0,,13.62056,1.86028
868,NE0397,2.4694000000000003,0.0,0,100,1.0,0.0,,13.03972,1.27444
869,NE0401,4.3892500000000005,0.0,0,100,1.0,0.0,,11.98139,3.56222
870,NE0402,8.0376,0.0,0,100,1.0,0.0,,14.15361,1.50139
871,NE0403,14.2715,0.0,0,100,1.0,0.0,,14.15028,1.49222
872,NE0404,2.1702000000000004,0.0,0,100,1.0,0.0,,14.15639,1.48917
873,NE0407,5.0065,0.0,0,100,1.0,0.0,,13.10528,1.73472
874,NE0410,4.2176,0.0,0,100,1.0,0.0,,13.10639,1.73722
875,NE0414,2.2975999999999996,0.0,0,100,1.0,0.0,,13.1125,1.73639
876,NE0415,1.5498,0.0,0,100,1.0,0.0,,13.10944,1.73639
877,NE0420,3.6979999999999995,0.0,0,100,1.0,0.0,,13.64028,1.84222
878,NE0425,2.1395,0.0,0,100,1.0,0.0,,13.89639,1.58639
879,NE0426,6.7147,0.0,0,100,1.0,0.0,,12.79861,2.45639
880,NE0432,12.851700000000001,0.0,0,100,1.0,0.0,,14.14889,1.50361
881,NE0434,13.1776,0.0,0,100,1.0,0.0,,14.16333,1.49056
882,NE0435,7.943200000000001,0.0,0,100,1.0,0.0,,12.84472,1.80389
883,NE0439,11.988800000000001,0.0,0,100,1.0,0.0,,14.14694,1.5025
884,NE0440,13.6817,0.0,0,100,1.0,0.0,,13.02083,1.69972
885,NE0442,6.9136,0.0,0,100,1.0,0.0,,14.15417,1.49361
886,NE0446,10.199100000000001,0.0,0,100,1.0,0.0,1986.0,13.73333,1.66667
887,NE0447,4.75626,0.0,0,100,1.0,0.0,1986.0,13.73333,1.66667
888,NE0450,3.0803200000000004,0.0,0,100,1.0,0.0,1986.0,13.73333,1.66667
889,NE0458,2.00822,0.0,0,100,1.0,0.0,1990.0,13.81667,5.31667
890,NE0459,3.0233000000000003,0.0,0,100,1.0,0.0,1990.0,13.53333,2.08333
891,NE0460,3.47574,0.0,0,100,1.0,0.0,1990.0,13.53333,2.08333
892,NG0010,4.5354399999999995,0.0,0,100,1.0,0.0,1978.0,7.5,3.9
893,NG0012,6.23344,0.0,0,100,1.0,0.0,1978.0,7.5,3.9
894,NG0013,8.680399999999999,0.0,0,100,1.0,0.0,1978.0,7.5,3.9
895,NG0014,8.4785,0.0,0,100,1.0,0.0,1978.0,7.5,3.9
896,NG0015,10.1392,0.0,0,100,1.0,0.0,1978.0,7.5,3.9
897,NG0017,9.82432,0.0,0,100,1.0,0.0,1978.0,7.5,3.9
898,NG0018,5.312679999999999,0.0,0,100,1.0,0.0,1978.0,7.5,3.9
899,NG0019,9.13848,0.0,0,100,1.0,0.0,1988.0,7.50278,3.90417
900,NG0020,2.3098899999999998,0.0,0,100,1.0,0.0,1988.0,7.5025,3.90278
901,NG0038,11.62239,0.0,0,100,1.0,0.0,2002.0,5.44444,7.48028
902,NI0012,26.080779999999997,0.0,0,100,1.0,0.0,1983.0,12.1,-86.3
903,NI0014,13.430340000000001,0.0,0,100,1.0,0.0,1983.0,12.1,-86.3
904,NI0016,18.861210000000003,0.0,0,100,1.0,0.0,1983.0,12.1,-86.3
905,NI0019,23.0674,0.0,0,100,1.0,0.0,1983.0,12.1,-86.3
906,NI0020,25.74407,0.0,0,100,1.0,0.0,1983.0,12.1,-86.3
907,NL0024,66.0465,0.0,0,100,1.0,0.0,,52.68611,7.04472
908,NL0027,77.61328,0.0,0,100,1.0,0.0,,52.00861,4.81417
909,NP0151,14.39945,0.0,0,100,1.0,0.0,1990.0,27.7,83.46667
910,NZ0009,46.3258,0.0,0,100,1.0,0.0,1979.0,-42.46667,171.2
911,NZ0011,6.7303999999999995,0.0,0,100,1.0,0.0,1980.0,-38.61667,176.11667
912,NZ0013,14.249599999999997,0.0,0,100,1.0,0.0,1984.0,-37.76667,175.3
913,NZ0014,15.5131,0.0,0,100,1.0,0.0,1985.0,-37.96667,175.76667
914,NZ0015,15.398400000000002,0.0,0,100,1.0,0.0,1985.0,-43.3,172.36667
915,PA0002,9.15103,0.0,0,100,1.0,0.0,1982.0,8.95,-79.5
916,PA0003,33.67874,0.0,0,100,1.0,0.0,1982.0,8.95,-79.5
917,PA0005,13.285139999999997,0.0,0,100,1.0,0.0,1982.0,8.0,-81.33333
918,PA0006,13.08148,0.0,0,100,1.0,0.0,1982.0,8.95,-79.5
919,PA0007,10.125319999999999,0.0,0,100,1.0,0.0,1982.0,8.95,-79.5
920,PA0009,13.532100000000002,0.0,0,100,1.0,0.0,1982.0,8.95,-79.5
921,PA0010,19.089100000000002,0.0,0,100,1.0,0.0,1982.0,8.95,-79.5
922,PA0011,12.583760000000002,0.0,0,100,1.0,0.0,1982.0,8.95,-79.5
923,PA0012,7.2895,0.0,0,100,1.0,0.0,1982.0,8.95,-79.5
924,PA0013,8.55492,0.0,0,100,1.0,0.0,1982.0,8.95,-79.5
925,PA0014,12.019549999999999,0.0,0,100,1.0,0.0,1982.0,8.95,-79.5
926,PE0009,8.702800311316004,0.0,0,100,1.0,0.0,,-3.78806,-73.41972
927,PE0095,6.161569999999999,0.0,0,100,1.0,0.0,1991.0,-12.51583,-69.41194
928,PE0096,6.61242,0.0,0,100,1.0,0.0,1991.0,-8.47722,-75.03611
929,PE0102,20.8152,0.0,0,100,1.0,0.0,1991.0,-15.76667,-70.28333
930,PE0103,11.23504,0.0,0,100,1.0,0.0,1991.0,-15.66667,-70.03333
931,PE0105,7.128150000000001,0.0,0,100,1.0,0.0,1991.0,-8.94778,-75.03611
932,PE0106,8.5528,0.0,0,100,1.0,0.0,1991.0,-17.45,-70.04944
933,PE0107,7.56763,0.0,0,100,1.0,0.0,1991.0,-12.68861,-69.14778
934,PE0108,18.6084,0.0,0,100,1.0,0.0,1991.0,-14.0,-71.51667
935,PE0109,6.302309999999999,0.0,0,100,1.0,0.0,1991.0,-17.2,-70.96667
936,PE0111,12.46296,0.0,0,100,1.0,0.0,1991.0,-14.1,-71.43333
937,PG0004,28.413580000000003,0.0,0,100,1.0,0.0,1982.0,-6.03333,145.36667
938,PG0008,24.56408,0.0,0,100,1.0,0.0,1982.0,-9.5,147.11667
939,PG0009,26.75296,0.0,0,100,1.0,0.0,1982.0,-6.03333,145.36667
940,PG0010,17.74484,0.0,0,100,1.0,0.0,1982.0,-6.03333,145.36667
941,PG0011,18.44333,0.0,0,100,1.0,0.0,1982.0,-9.5,147.11667
942,PG0016,30.6588,0.0,0,100,1.0,0.0,1982.0,-6.03333,145.36667
943,PH0001,11.01345,0.0,0,100,1.0,0.0,1982.0,14.26667,121.4
944,PH0003,25.210400000000003,0.0,0,100,1.0,0.0,1982.0,14.08333,120.91667
945,PH0006,9.05375,0.0,0,100,1.0,0.0,1982.0,14.16667,120.91667
946,PH0007,6.65558,0.0,0,100,1.0,0.0,1982.0,15.2825,120.86667
947,PH0011,6.90337,0.0,0,100,1.0,0.0,1982.0,15.24972,120.93694
948,PH0014,7.985000000000001,0.0,0,100,1.0,0.0,1983.0,13.0,124.0
949,PH0015,24.0947,0.0,0,100,1.0,0.0,1983.0,13.16667,123.7
950,PH0017,8.715,0.0,0,100,1.0,0.0,1983.0,13.16667,123.7
951,PH0040,6.1894800000000005,0.0,0,100,1.0,0.0,1983.0,14.55389,121.20833
952,PH0047,6.17584,0.0,0,100,1.0,0.0,1983.0,15.7,121.08333
953,PH0053,33.3558,0.0,0,100,1.0,0.0,1984.0,15.0,120.21667
954,PH0055,10.931169999999998,0.0,0,100,1.0,0.0,1985.0,10.26083,124.79917
955,PH0059,8.46828,0.0,0,100,1.0,0.0,1985.0,10.11389,123.50556
956,PH0061,6.4966800000000005,0.0,0,100,1.0,0.0,1985.0,11.48333,125.0
957,PH0062,11.49839,0.0,0,100,1.0,0.0,1985.0,10.38333,124.75
958,PH0065,19.758599999999998,0.0,0,100,1.0,0.0,1985.0,10.98333,125.025
959,PH0071,9.6106,0.0,0,100,1.0,0.0,1985.0,10.25694,123.84583
960,PH0072,12.87646,0.0,0,100,1.0,0.0,1987.0,10.6875,124.8125
961,PH0073,11.231480000000001,0.0,0,100,1.0,0.0,1987.0,15.96111,121.13333
962,PK0026,2.09257,0.0,0,100,1.0,0.0,1989.0,24.98333,67.1
963,PK0027,5.3744700000000005,0.0,0,100,1.0,0.0,1989.0,34.4,71.35
964,PK0028,6.53677,0.0,0,100,1.0,0.0,1989.0,25.41667,68.53333
965,PK0029,6.40711,0.0,0,100,1.0,0.0,1989.0,35.925,74.26667
966,PK0031,3.69392,0.0,0,100,1.0,0.0,1989.0,31.88333,70.875
967,PK0034,7.178039999999998,0.0,0,100,1.0,0.0,1989.0,33.7,73.15
968,PK0038,3.5675,0.0,0,100,1.0,0.0,1989.0,31.45833,73.2
969,PK0039,5.76247,0.0,0,100,1.0,0.0,1989.0,32.1,74.18333
970,PL0014,39.011,64.1001,0,100,0.25,0.75,1974.0,54.01389,21.33333
971,PL0016,0.0,127.29675,0,100,0.0,1.0,1977.0,53.94444,21.98333
972,PL0018,0.0,18.6,0,100,0.0,1.0,1985.0,53.66972,22.6
973,PL0021,14.955179999999999,0.0,0,100,1.0,0.0,1986.0,51.1,17.16667
974,PL0023,15.93267,0.0,0,100,1.0,0.0,1986.0,51.21667,16.15
975,PL0025,15.238850000000001,0.0,0,100,1.0,0.0,1986.0,50.2,20.3
976,PL0026,15.46542,0.0,0,100,1.0,0.0,1986.0,51.21667,16.15
977,PL0029,7.08445,0.0,0,100,1.0,0.0,1986.0,50.83333,17.16667
978,PL0030,3.6978,0.0,0,100,1.0,0.0,1986.0,51.5,16.5
979,PL0031,16.787099999999995,0.0,0,100,1.0,0.0,1986.0,54.03333,19.01667
980,PL0032,119.91300000000001,0.0,0,100,1.0,0.0,1986.0,53.66667,15.13333
981,PL0033,15.488429999999997,0.0,0,100,1.0,0.0,1986.0,50.6,16.81667
982,PL0037,12.00548,0.0,0,100,1.0,0.0,1986.0,50.21667,17.83333
983,PL0038,6.5688,0.0,0,100,1.0,0.0,1986.0,52.08333,21.01667
984,PL0045,18.006400000000003,0.0,0,100,1.0,0.0,1989.0,53.89167,18.78333
985,PL0049,7.129459999999999,0.0,0,100,1.0,0.0,1991.0,52.14583,16.95056
986,PL0057,19.287,0.0,0,100,1.0,0.0,1995.0,50.49,23.80972
987,PR0004,14.96032,0.0,0,100,1.0,0.0,1958.0,18.43333,-66.17389
988,PR0009,11.1624,0.0,0,100,1.0,0.0,1961.0,18.16611,-67.07806
989,PR0016,12.6753,0.0,0,100,1.0,0.0,1963.0,18.43,-66.30417
990,PW0002,7.747319999999999,0.0,0,100,1.0,0.0,1979.0,7.37139,134.53833
991,PW0004,16.976499999999998,0.0,0,100,1.0,0.0,1979.0,7.36028,134.53389
992,RO0019,16.058,0.0,0,100,1.0,0.0,1962.0,45.5,25.6
993,RO0021,13.6685,0.0,0,100,1.0,0.0,1964.0,44.66944,26.545
994,RO0023,14.8581,0.0,0,100,1.0,0.0,1964.0,46.31944,20.93056
995,RO0024,9.8946,0.0,0,100,1.0,0.0,1964.0,44.95778,28.71694
996,RO0025,9.9858,0.0,0,100,1.0,0.0,1964.0,44.22694,23.76167
997,RO0026,17.9956,0.0,0,100,1.0,0.0,1964.0,44.11528,23.70639
998,RO0027,19.7876,0.0,0,100,1.0,0.0,1964.0,44.31806,23.94806
999,RO0032,21.5764,0.0,0,100,1.0,0.0,1970.0,48.09972,26.71972
1000,RO0033,8.7224,0.0,0,100,1.0,0.0,1973.0,47.85528,23.20167
1001,RO0038,12.5633,0.0,0,100,1.0,0.0,1975.0,44.33,22.7
1002,RO0048,19.087899999999998,0.0,0,100,1.0,0.0,1981.0,44.67472,26.2575
1003,RO0050,13.970400000000001,0.0,0,100,1.0,0.0,1984.0,44.79972,25.7
1004,RO0051,22.782700000000002,0.0,0,100,1.0,0.0,1984.0,46.09972,20.78
1005,RO0053,7.5706,0.0,0,100,1.0,0.0,1985.0,45.8175,22.12417
1006,RO0054,13.225599999999998,0.0,0,100,1.0,0.0,1988.0,44.80583,24.86389
1007,RO0057,9.406799999999999,19.008000000000003,0,100,0.76,0.24,1990.0,45.25,29.32972
1008,RO0060,13.6884,0.0,0,100,1.0,0.0,1996.0,44.4,27.5
1009,RO0061,10.653599999999997,0.0,0,100,1.0,0.0,1996.0,44.22,25.75
1010,RO0062,16.226399999999998,0.0,0,100,1.0,0.0,1996.0,44.43,26.52
1011,RU0007,14.954999999999998,0.0,0,100,1.0,0.0,1930.0,45.59972,38.0
1012,RU0008,9.908000000000001,0.0,0,100,1.0,0.0,1935.0,52.09972,48.4
1013,RU0010,1.1700000000000002,15.498000000000001,0,100,0.1,0.9,1936.0,58.09972,31.5
1014,RU0011,11.862,0.0,0,100,1.0,0.0,1937.0,45.4,38.29972
1015,RU0013,3.8099999999999996,0.0,0,100,1.0,0.0,1946.0,46.2,43.5
1016,RU0014,14.159199999999998,0.0,0,100,1.0,0.0,1946.0,46.4,42.4
1017,RU0015,13.836199999999998,0.0,0,100,1.0,0.0,1946.0,51.0,33.5
1018,RU0018,60.894999999999996,0.0,0,100,1.0,0.0,1952.0,51.5,36.5
1019,RU0019,9.629999999999999,0.0,0,100,1.0,0.0,1952.0,47.0,33.0
1020,RU0024,23.012999999999998,0.0,0,100,1.0,0.0,1955.0,55.79972,37.0
1021,RU0025,5.4705,0.0,0,100,1.0,0.0,1956.0,47.5,47.5
1022,RU0030,4.932,0.0,0,100,1.0,0.0,1959.0,44.2,39.79972
1023,RU0034,9.884800000000002,0.0,0,100,1.0,0.0,1960.0,51.4,39.09972
1024,RU0035,27.649400000000004,0.0,0,100,1.0,0.0,1960.0,53.0,36.5
1025,RU0037,6.516399999999999,0.0,0,100,1.0,0.0,1960.0,54.7,23.89972
1026,RU0038,39.3895,0.0,0,100,1.0,0.0,1960.0,46.79972,29.0
1027,RU0040,10.134,0.0,0,100,1.0,0.0,1961.0,54.79972,39.5
1028,RU0044,1.5783,0.075,0,100,0.99,0.01,1962.0,61.0,51.0
1029,RU0046,21.352,0.0,0,100,1.0,0.0,1963.0,52.29972,50.09972
1030,RU0048,11.6388,0.0,0,100,1.0,0.0,1963.0,43.5,47.0
1031,RU0052,18.72,0.7332000000000001,0,100,0.94,0.06,1964.0,68.5,57.0
1032,RU0057,21.471999999999998,0.0,0,100,1.0,0.0,1965.0,51.0,36.5
1033,RU0058,10.19,0.0,0,100,1.0,0.0,1965.0,57.79972,41.7
1034,RU0060,10.983,0.14600000000000002,0,100,0.98,0.02,1965.0,50.5,37.0
1035,RU0061,10.704,0.0,0,100,1.0,0.0,1965.0,44.09972,45.2
1036,RU0066,9.5692,0.0,0,100,1.0,0.0,1965.0,48.2,44.0
1037,RU0072,24.870000000000005,0.0,0,100,1.0,0.0,1970.0,51.5,44.5
1038,RU0077,10.953000000000001,0.0,0,100,1.0,0.0,1970.0,43.09972,44.4
1039,RU0080,24.726000000000003,0.0,0,100,1.0,0.0,1970.0,53.0,56.09972
1040,RU0083,8.728,0.81,0,100,0.91,0.09,1970.0,58.0,51.5
1041,RU0084,9.379999999999999,0.0,0,100,1.0,0.0,1970.0,58.79972,41.79972
1042,RU0085,29.590000000000007,0.0,0,100,1.0,0.0,1970.0,50.5,24.5
1043,RU0087,23.400000000000002,0.0,0,100,1.0,0.0,1971.0,47.5,39.0
1044,RU0088,14.382000000000001,0.0,0,100,1.0,0.0,1971.0,51.5,55.0
1045,RU0089,20.35,0.0,0,100,1.0,0.0,1971.0,54.0,45.0
1046,RU0090,12.603399999999997,0.0,0,100,1.0,0.0,1971.0,57.5,32.5
1047,RU0091,4.979099999999999,0.0,0,100,1.0,0.0,1971.0,55.9,36.09972
1048,RU0093,21.0505,0.0,0,100,1.0,0.0,1971.0,54.5,45.0
1049,RU0095,16.1395,0.0,0,100,1.0,0.0,1972.0,46.5,41.5
1050,RU0096,9.6925,0.0,0,100,1.0,0.0,1972.0,57.0,37.0
1051,RU0097,17.002,0.0,0,100,1.0,0.0,1975.0,52.2,52.0
1052,RU0098,13.514399999999998,0.0,0,100,1.0,0.0,1975.0,46.2,30.1
1053,RU0099,34.257999999999996,0.0,0,100,1.0,0.0,1975.0,53.9,51.5
1054,RU0100,25.3152,0.0,0,100,1.0,0.0,1975.0,52.5,54.5
1055,RU0101,3.194,0.415,0,100,0.95,0.05,1975.0,60.09972,34.0
1056,RU0102,4.449,1.92,0,100,0.88,0.12,1975.0,56.7,37.2
1057,RU0104,16.9998,0.0,0,100,1.0,0.0,1978.0,41.9,48.29972
1058,RU0105,38.018,0.0,0,100,1.0,0.0,1978.0,53.4,53.0
1059,RU0108,14.827000000000002,0.0,0,100,1.0,0.0,1980.0,57.79972,37.5
1060,RU0109,10.285,0.0,0,100,1.0,0.0,1980.0,56.5,40.5
1061,RU0112,33.06439999999999,0.0,0,100,1.0,0.0,1980.0,42.0,47.5
1062,RU0113,21.214399999999994,0.0,0,100,1.0,0.0,1980.0,43.79972,40.4
1063,RU0120,23.1002,0.0,0,100,1.0,0.0,1980.0,51.0,37.2
1064,RU0121,16.291800000000002,0.0,0,100,1.0,0.0,1980.0,45.0,43.9
1065,RU0123,9.8448,0.0,0,100,1.0,0.0,1980.0,45.29972,43.2
1066,RU0127,0.0,13.104,0,100,0.0,1.0,1981.0,57.0,39.59972
1067,RU0128,28.78,0.0,0,100,1.0,0.0,1981.0,45.0,39.0
1068,RU0131,3.2735999999999996,0.0,0,100,1.0,0.0,1985.0,54.79972,37.9
1069,RU0155,46.7531,0.0,0,100,1.0,0.0,1995.0,44.63806,42.25111
1070,RU0156,45.148070000000004,0.0,0,100,1.0,0.0,1995.0,44.63806,42.25111
1071,RU0157,23.68175,0.0,0,100,1.0,0.0,1995.0,44.63806,42.25111
1072,RW0002,26.604599383550003,0.0,0,100,1.0,0.0,,-1.7175,30.17667
1073,RW0003,18.491660322952,0.0,0,100,1.0,0.0,,-2.07694,29.78167
1074,RW0004,13.001199454144196,0.0,0,100,1.0,0.0,,-2.36556,29.775
1075,RW0015,26.604599383550003,0.0,0,100,1.0,0.0,1983.0,-1.97,30.01
1076,RW0017,37.7705,0.0,0,100,1.0,0.0,1983.0,-1.6375,29.36278
1077,RW0018,15.954500000000001,0.0,0,100,1.0,0.0,1983.0,-1.88444,30.3725
1078,RW0021,20.361979999999996,0.0,0,100,1.0,0.0,1983.0,-1.945,30.44861
1079,RW0023,18.49166,0.0,0,100,1.0,0.0,1984.0,-2.07694,29.78167
1080,RW0024,16.08935,0.0,0,100,1.0,0.0,1984.0,-1.88444,30.3725
1081,RW0025,20.361979999999996,0.0,0,100,1.0,0.0,1984.0,-1.945,30.44861
1082,RW0060,31.913999999999998,0.0,0,100,1.0,0.0,1993.0,-2.5,30.5
1083,RW0061,31.111359999999998,0.0,0,100,1.0,0.0,1993.0,-2.5,30.5
1084,SB0001,12.431799999999999,0.0,0,100,1.0,0.0,,-9.83333,161.96667
1085,SD0031,13.786380000000001,0.0,0,100,1.0,0.0,1968.0,11.86667,34.35
1086,SD0032,6.9008,0.0,0,100,1.0,0.0,1968.0,16.6,33.28333
1087,SD0034,10.197600000000001,0.0,0,100,1.0,0.0,1968.0,15.33333,32.76667
1088,SD0037,2.4261999999999997,0.0,0,100,1.0,0.0,1968.0,15.3,32.7
1089,SE0017,53.4614,0.0,0,100,1.0,0.0,1989.0,56.18333,15.08333
1090,SE0019,23.675699999999996,0.0,0,100,1.0,0.0,1989.0,65.76667,22.08333
1091,SE0021,20.18744,0.0,0,100,1.0,0.0,1990.0,59.83333,17.66667
1092,SE0023,12.832559999999999,0.0,0,100,1.0,0.0,1990.0,60.33333,17.48333
1093,SE0024,11.5639,0.0,0,100,1.0,0.0,1992.0,55.86667,12.88333
1094,SK0007,8.9535,0.0,0,100,1.0,0.0,1963.0,48.47972,22.0
1095,SK0008,7.138,0.0,0,100,1.0,0.0,1966.0,48.27,19.6
1096,SK0009,7.0688,0.0,0,100,1.0,0.0,1968.0,48.29,19.30972
1097,SK0015,14.763499999999999,0.0,0,100,1.0,0.0,1993.0,48.27972,17.54972
1098,SK0019,9.871699999999999,0.0,0,100,1.0,0.0,1993.0,48.59,19.02
1099,SK0021,16.3944,0.0,0,100,1.0,0.0,1993.0,48.22972,17.79
1100,SK0023,21.734,0.0,0,100,1.0,0.0,1993.0,48.24,17.79
1101,SK0030,11.255,0.0,0,100,1.0,0.0,1993.0,48.7,17.29972
1102,SK0031,13.674199999999999,0.0,0,100,1.0,0.0,1993.0,48.72,20.07972
1103,SK0032,14.684399999999998,0.0,0,100,1.0,0.0,1993.0,48.81972,17.73972
1104,SL0001,15.376199999999999,0.0,0,100,1.0,0.0,1968.0,8.9,-12.08333
1105,SL0002,19.718999999999998,0.0,0,100,1.0,0.0,1968.0,8.9,-12.08333
1106,SL0003,28.6375,0.0,0,100,1.0,0.0,1968.0,8.9,12.08333
1107,SL0004,15.6334,0.0,0,100,1.0,0.0,1968.0,8.9,-12.08333
1108,SL0006,8.526200000000001,0.0,0,100,1.0,0.0,1968.0,9.4,-12.08333
1109,SL0008,15.396999999999998,0.0,0,100,1.0,0.0,1968.0,8.9,-12.08333
1110,SL0009,17.8536,0.0,0,100,1.0,0.0,1968.0,8.9,-12.08333
1111,SL0011,23.508200000000006,0.0,0,100,1.0,0.0,1986.0,8.9,-12.08333
1112,SN0046,26.166599999999995,0.0,0,100,1.0,0.0,1979.0,12.5,-16.58333
1113,SO0011,14.304939999999998,0.0,0,100,1.0,0.0,1990.0,1.67306,44.40861
1114,SO0012,8.60785,0.0,0,100,1.0,0.0,1990.0,2.75056,45.34139
1115,SO0013,3.4743200000000005,0.0,0,100,1.0,0.0,1990.0,2.66389,44.57472
1116,SR0022,7.5966000000000005,0.0,0,100,1.0,0.0,1978.0,5.3,-55.59972
1117,SR0023,8.82245,0.0,0,100,1.0,0.0,1978.0,5.25,-55.71667
1118,SR0030,7.60741,0.0,0,100,1.0,0.0,1983.0,5.25,-55.71667
1119,SY0056,2.87805,0.0,0,100,1.0,0.0,1980.0,35.0,38.0
1120,SY0058,6.112349999999999,0.0,0,100,1.0,0.0,1980.0,34.55,38.26667
1121,SY0060,6.2511,0.0,0,100,1.0,0.0,1980.0,35.0,38.0
1122,TH0263,1.1943000000000001,0.0,0,100,1.0,0.0,1978.0,12.65,101.28333
1123,TH0264,3.67788,0.0,0,100,1.0,0.0,1978.0,14.96667,102.1
1124,TH0265,9.624680000000001,0.0,0,100,1.0,0.0,1978.0,12.58333,102.13333
1125,TH0266,5.42728,0.0,0,100,1.0,0.0,1978.0,14.93333,102.13333
1126,TH0267,7.14068,0.0,0,100,1.0,0.0,1978.0,12.5,102.16667
1127,TH0268,4.63525,0.0,0,100,1.0,0.0,1978.0,12.6,101.5
1128,TH0269,7.422580000000001,0.0,0,100,1.0,0.0,1978.0,12.6,102.18333
1129,TH0270,6.87549,0.0,0,100,1.0,0.0,1978.0,12.63333,101.28333
1130,TH0271,14.181239999999999,0.0,0,100,1.0,0.0,1978.0,14.33333,100.58333
1131,TH0272,8.831850000000001,0.0,0,100,1.0,0.0,1978.0,12.5,102.08333
1132,TH0273,7.69191,0.0,0,100,1.0,0.0,1978.0,12.5,102.16667
1133,TH0274,13.268939999999999,0.0,0,100,1.0,0.0,1978.0,14.08333,101.5
1134,TH0275,6.07536,0.0,0,100,1.0,0.0,1978.0,14.66667,102.2
1135,TH0276,9.71244,0.0,0,100,1.0,0.0,1978.0,13.41667,102.16667
1136,TH0277,9.73839,0.0,0,100,1.0,0.0,1978.0,14.68333,102.21667
1137,TH0278,4.16999,0.0,0,100,1.0,0.0,1978.0,14.96667,102.11667
1138,TH0279,12.5992,0.0,0,100,1.0,0.0,1978.0,12.58333,102.16667
1139,TH0280,9.809149999999999,0.0,0,100,1.0,0.0,1978.0,14.75,101.5
1140,TH0281,6.90674,0.0,0,100,1.0,0.0,1978.0,14.83333,101.75
1141,TH0282,3.4453400000000003,0.0,0,100,1.0,0.0,1978.0,15.0,102.08333
1142,TH0283,3.8747200000000004,0.0,0,100,1.0,0.0,1982.0,14.53333,100.88333
1143,TH0284,7.501569999999999,0.0,0,100,1.0,0.0,1982.0,12.63333,101.5
1144,TH0286,3.0702,0.0,0,100,1.0,0.0,1982.0,13.0,100.0
1145,TH0287,7.857230000000001,0.0,0,100,1.0,0.0,1982.0,13.0,100.0
1146,TH0289,5.2416,0.0,0,100,1.0,0.0,1982.0,15.2,102.46667
1147,TH0290,5.777539999999999,0.0,0,100,1.0,0.0,1982.0,13.0,100.0
1148,TH0293,14.157059999999998,0.0,0,100,1.0,0.0,1982.0,14.53333,101.88333
1149,TH0295,8.38864,0.0,0,100,1.0,0.0,1982.0,14.53333,100.88333
1150,TH0297,3.1391700000000005,0.0,0,100,1.0,0.0,1982.0,14.0,100.0
1151,TH0298,3.6701200000000003,0.0,0,100,1.0,0.0,1982.0,14.0,100.0
1152,TH0299,15.31288,0.0,0,100,1.0,0.0,1982.0,13.83333,100.01667
1153,TH0300,19.176720000000003,0.0,0,100,1.0,0.0,1982.0,14.81667,100.61667
1154,TH0303,5.76384,0.0,0,100,1.0,0.0,1987.0,15.41667,99.67583
1155,TJ0002,9.91732,0.0,0,100,1.0,0.0,1974.0,38.75,69.0
1156,TJ0003,6.8970400000000005,0.0,0,100,1.0,0.0,1974.0,37.75,69.0
1157,TN0002,9.25993,0.0,0,100,1.0,0.0,1986.0,35.91833,10.51944
1158,TN0004,2.7162499999999996,0.0,0,100,1.0,0.0,1986.0,35.08333,9.66667
1159,TN0007,14.698770000000001,0.0,0,100,1.0,0.0,1986.0,36.83389,9.9175
1160,TN0008,6.319140000000001,0.0,0,100,1.0,0.0,1986.0,36.97556,9.06667
1161,TN0010,12.17267,0.0,0,100,1.0,0.0,1986.0,33.75167,8.20056
1162,TN0012,14.125860000000001,0.0,0,100,1.0,0.0,1986.0,36.79528,10.96667
1163,TN0013,19.86881,0.0,0,100,1.0,0.0,1986.0,36.75,9.16667
1164,TN0016,18.00388,0.0,0,100,1.0,0.0,1986.0,36.56667,8.7
1165,TR0006,11.833499999999999,0.0,0,100,1.0,0.0,1970.0,36.98333,31.16667
1166,TR0008,7.309,0.0,0,100,1.0,0.0,1970.0,37.08333,30.16667
1167,TR0010,15.489999999999998,0.0,0,100,1.0,0.0,1970.0,37.5,30.66667
1168,TR0011,2.9264,0.0,0,100,1.0,0.0,1970.0,38.26667,31.15
1169,TR0012,2.0100000000000002,0.0,0,100,1.0,0.0,1970.0,37.18333,31.75
1170,TR0013,10.977,0.0,0,100,1.0,0.0,1970.0,36.96667,30.8
1171,TR0014,7.4816,0.0,0,100,1.0,0.0,1970.0,36.91667,31.26667
1172,TR0015,5.816000000000001,0.0,0,100,1.0,0.0,1970.0,36.53333,32.03333
1173,TR0016,14.762599999999999,0.0,0,100,1.0,0.0,1970.0,36.91667,31.08333
1174,TR0017,8.56058,0.0,0,100,1.0,0.0,1970.0,36.86667,34.86667
1175,TR0018,5.29863,0.0,0,100,1.0,0.0,1970.0,37.08333,30.25
1176,TR0019,11.408000000000001,0.0,0,100,1.0,0.0,1970.0,38.0,31.0
1177,TR0021,7.5668,0.0,0,100,1.0,0.0,1970.0,37.11667,30.18333
1178,TR0022,13.986889999999999,0.0,0,100,1.0,0.0,1970.0,36.96667,30.83333
1179,TR0024,4.25356,0.0,0,100,1.0,0.0,1970.0,37.25,30.83333
1180,TR0027,11.6359,0.0,0,100,1.0,0.0,1970.0,37.8,31.03333
1181,TR0028,8.5528,0.0,0,100,1.0,0.0,1970.0,37.08333,32.45
1182,TR0030,16.484,0.0,0,100,1.0,0.0,1970.0,37.46667,30.61667
1183,TR0032,0.2,0.0,0,100,1.0,0.0,1970.0,36.78333,31.46667
1184,TR0034,14.213700000000003,0.0,0,100,1.0,0.0,1970.0,37.66667,31.08333
1185,TR0035,5.4068,0.0,0,100,1.0,0.0,1970.0,37.75,31.43333
1186,TR0059,6.184359999999999,0.0,0,100,1.0,0.0,1985.0,36.73333,39.08333
1187,TR0060,7.51887,0.0,0,100,1.0,0.0,1985.0,37.0,39.16667
1188,TR0063,16.24062,0.0,0,100,1.0,0.0,1985.0,36.91667,39.08333
1189,TR0064,4.8917,0.0,0,100,1.0,0.0,1985.0,37.16667,39.16667
1190,TR0066,9.35415,0.0,0,100,1.0,0.0,1985.0,36.66667,38.96667
1191,TW0001,9.4549,0.0,0,100,1.0,0.0,1985.0,24.01667,120.51667
1192,UA0001,16.890600000000003,0.0,0,100,1.0,0.0,1959.0,47.16972,32.25
1193,UA0002,15.435599999999999,0.0,0,100,1.0,0.0,1959.0,45.16972,34.33
1194,UA0003,3.9349999999999996,0.0,0,100,1.0,0.0,1959.0,50.27,28.0
1195,UA0004,17.3869,0.0,0,100,1.0,0.0,1960.0,47.5,36.16972
1196,UA0005,35.069,0.0,0,100,1.0,0.0,1960.0,47.58,30.5
1197,UA0008,30.316300000000002,0.0,0,100,1.0,0.0,1961.0,49.5,38.25
1198,UA0009,20.202399999999997,0.0,0,100,1.0,0.0,1961.0,48.0,36.0
1199,UA0010,15.665399999999998,0.0,0,100,1.0,0.0,1961.0,48.27,26.46972
1200,UA0012,16.5376,0.0,0,100,1.0,0.0,1961.0,49.52,27.37972
1201,UA0015,13.5021,0.0,0,100,1.0,0.0,1964.0,46.86972,34.16972
1202,UA0018,14.4416,0.0,0,100,1.0,0.0,1964.0,46.41972,34.75
1203,UA0020,20.528000000000002,0.0,0,100,1.0,0.0,1964.0,51.09972,32.16972
1204,UA0022,14.9668,0.0,0,100,1.0,0.0,1965.0,49.33,32.09972
1205,UA0023,23.758000000000003,0.0,0,100,1.0,0.0,1965.0,49.83,30.75
1206,UA0024,24.497799999999998,0.0,0,100,1.0,0.0,1965.0,49.63,27.5
1207,UA0025,7.4458,0.0,0,100,1.0,0.0,1965.0,48.79972,28.0
1208,UA0026,23.46,0.0,0,100,1.0,0.0,1965.0,50.0,36.0
1209,UA0027,5.9884,0.0,0,100,1.0,0.0,1966.0,51.5,33.66972
1210,UA0028,21.439,0.0,0,100,1.0,0.0,1966.0,49.33,30.0
1211,UA0029,6.5348999999999995,0.0,0,100,1.0,0.0,1966.0,52.0,28.42
1212,UA0031,28.048699999999997,0.0,0,100,1.0,0.0,1967.0,49.36972,33.83
1213,UA0032,31.134,0.0,0,100,1.0,0.0,1968.0,47.58,30.1
1214,UA0033,17.4012,0.0,0,100,1.0,0.0,1969.0,46.27972,29.5
1215,UA0034,18.337,0.0,0,100,1.0,0.0,1969.0,48.0,25.03
1216,UA0035,21.2522,0.0,0,100,1.0,0.0,1969.0,49.0,24.87
1217,UA0037,24.8658,0.0,0,100,1.0,0.0,1970.0,50.63,34.16972
1218,UA0039,5.7654,0.0,0,100,1.0,0.0,1970.0,51.09972,24.37972
1219,UA0041,16.090799999999998,0.0,0,100,1.0,0.0,1971.0,49.86972,32.09972
1220,UA0043,19.559199999999997,0.0,0,100,1.0,0.0,1973.0,47.5,38.09972
1221,UA0044,15.1186,0.0,0,100,1.0,0.0,1973.0,51.47972,34.16972
1222,UA0045,15.7646,0.0,0,100,1.0,0.0,1974.0,48.16972,38.5
1223,UA0046,19.559199999999997,0.0,0,100,1.0,0.0,1974.0,46.83,30.17
1224,UA0047,21.138,0.0,0,100,1.0,0.0,1974.0,49.7,29.1
1225,UA0048,18.2379,0.0,0,100,1.0,0.0,1974.0,45.33,36.0
1226,UA0050,16.4028,0.0,0,100,1.0,0.0,1975.0,46.33,30.57972
1227,UA0051,14.503599999999999,0.0,0,100,1.0,0.0,1975.0,44.83,35.0
1228,UA0052,15.436800000000002,0.0,0,100,1.0,0.0,1975.0,44.66972,33.66972
1229,UA0053,18.0726,0.0,0,100,1.0,0.0,1975.0,44.72,34.2
1230,UA0054,10.768899999999999,0.0,0,100,1.0,0.0,1975.0,49.91972,24.0
1231,UA0055,6.2912,0.0,0,100,1.0,0.0,1975.0,50.5,24.82972
1232,UA0058,18.851,0.0,0,100,1.0,0.0,1975.0,49.25,33.91972
1233,UA0059,18.976,0.0,0,100,1.0,0.0,1976.0,49.38,24.1
1234,UA0060,14.7742,0.0,0,100,1.0,0.0,1976.0,45.83,34.09972
1235,UA0061,5.501899999999999,0.0,0,100,1.0,0.0,1976.0,51.25,25.79972
1236,UA0062,7.568800000000001,0.0,0,100,1.0,0.0,1977.0,49.2,23.32972
1237,UA0063,23.9119,0.0,0,100,1.0,0.0,1977.0,48.16972,23.96972
1238,UA0065,7.5988,0.0,0,100,1.0,0.0,1977.0,48.38,26.42
1239,UA0066,32.474999999999994,0.0,0,100,1.0,0.0,1978.0,49.16972,36.0
1240,UA0067,16.3798,0.0,0,100,1.0,0.0,1978.0,50.83,25.17
1241,UA0068,6.074,0.0,0,100,1.0,0.0,1978.0,48.25,22.75
1242,UA0069,16.3411,0.0,0,100,1.0,0.0,1979.0,45.16972,38.83
1243,UA0070,10.6304,0.0,0,100,1.0,0.0,1979.0,45.58,29.32972
1244,UA0071,20.3424,0.0,0,100,1.0,0.0,1979.0,48.2,30.42
1245,UA0072,18.094,0.0,0,100,1.0,0.0,1979.0,49.75,23.17
1246,UA0074,11.801299999999998,0.0,0,100,1.0,0.0,1979.0,47.09972,35.0
1247,UA0075,39.001799999999996,0.0,0,100,1.0,0.0,1980.0,49.58,35.33
1248,UA0076,28.348200000000002,0.0,0,100,1.0,0.0,1981.0,48.63,34.0
1249,UA0077,10.488399999999999,0.0,0,100,1.0,0.0,1981.0,50.5,26.1
1250,UA0079,17.8992,0.0,0,100,1.0,0.0,1981.0,50.5,24.1
1251,UA0080,23.620800000000003,0.0,0,100,1.0,0.0,1986.0,48.5,35.91972
1252,UA0081,11.5289,0.0,0,100,1.0,0.0,1989.0,51.83,34.25
1253,UG0001,9.6363,0.0,0,100,1.0,0.0,1988.0,0.52889,32.64389
1254,UG0002,9.863529999999999,0.0,0,100,1.0,0.0,1988.0,0.41,32.56167
1255,UG0003,28.427159999999997,0.0,0,100,1.0,0.0,1988.0,-1.25,29.96667
1256,UG0004,27.955349999999996,0.0,0,100,1.0,0.0,1988.0,-1.25,29.96667
1257,UG0005,13.551499999999999,0.0,0,100,1.0,0.0,1988.0,0.46167,32.60722
1258,UG0006,15.050280000000003,0.0,0,100,1.0,0.0,1988.0,0.46667,32.61
1259,UG0007,8.774930000000001,0.0,0,100,1.0,0.0,1988.0,0.41333,32.53389
1260,UG0008,14.0401,0.0,0,100,1.0,0.0,1988.0,0.41667,32.53389
1261,UG0009,17.44886,0.0,0,100,1.0,0.0,1988.0,0.46944,32.61333
1262,UG0010,8.34506,0.0,0,100,1.0,0.0,1988.0,0.46722,32.61722
1263,UG0011,13.35744,0.0,0,100,1.0,0.0,1988.0,0.52667,32.64389
1264,US0004,11.028960668150008,7.822259886666,0,100,0.23,0.77,,19.74417,-155.10056
1265,US0009,10.7370696242268,0.0,0,100,1.0,0.0,,40.46667,-99.46667
1266,US0017,104.37783,0.0,0,100,1.0,0.0,,37.98333,-119.83389
1267,US0103,4.7908,0.0,0,100,1.0,0.0,1962.0,43.45583,-89.46083
1268,US0105,16.252810000000004,0.0,0,100,1.0,0.0,1962.0,55.33333,-131.66667
1269,US0106,5.512929399999999,0.0,0,100,1.0,0.0,1962.0,55.33333,-131.66667
1270,US0109,21.674799999999998,0.0,0,100,1.0,0.0,1962.0,53.35,-131.66667
1271,US0131,12.44660571220841,0.0,0,100,1.0,0.0,1970.0,47.28389,-110.02472
1272,US0132,3.7988399160010022,0.0,0,100,1.0,0.0,1970.0,47.66972,-111.07806
1273,US0137,10.624299999999998,0.0,0,100,1.0,0.0,1972.0,21.98528,-159.36389
1274,US0138,7.410299999999999,0.0,0,100,1.0,0.0,1972.0,20.83222,-156.38556
1275,US0139,10.273649930064995,0.0,0,100,1.0,0.0,1974.0,47.36889,-105.55528
1276,US0140,13.772179999999997,0.0,0,100,1.0,0.0,1974.0,65.03333,-150.58333
1277,US0142,9.357139864717,0.0,0,100,1.0,0.0,1974.0,48.94028,-109.15111
1278,US0176,5.638520129070901,0.0,0,100,1.0,0.0,1977.0,46.14139,-102.89
1279,US0178,6.758859999999999,0.0,0,100,1.0,0.0,1978.0,31.49222,-87.3225
1280,US0188,23.827250000000003,0.0,0,100,1.0,0.0,1978.0,31.03333,-97.35
1281,US0192,10.5335402781376,0.0,0,100,1.0,0.0,1979.0,46.85333,-100.62972
1282,US0199,12.516519922314403,0.0,0,100,1.0,0.0,1980.0,47.77389,-110.08278
1283,US0200,8.2213,0.0,0,100,1.0,0.0,1980.0,41.81722,-116.44722
1284,US0202,11.010660002656191,0.0,0,100,1.0,0.0,1980.0,47.76889,-104.24611
1285,US0207,2.8425599999999998,0.0,0,100,1.0,0.0,1981.0,31.74167,-83.78194
1286,US0212,8.403500000000001,0.0,0,100,1.0,0.0,1981.0,43.56556,-72.95111
1287,US0221,12.40362,0.0,0,100,1.0,0.0,1981.0,61.73333,-144.88333
1288,US0222,9.977319999999999,0.0,0,100,1.0,0.0,1982.0,34.14861,-79.90694
1289,US0225,8.762880000000001,0.0,0,100,1.0,0.0,1982.0,64.86667,-147.83333
1290,US0231,10.805780118048197,0.0,0,100,1.0,0.0,1982.0,48.7,-108.51278
1291,US0234,11.19795,0.0,0,100,1.0,0.0,1982.0,43.99944,-111.21417
1292,US0244,7.2797600000000005,0.0,0,100,1.0,0.0,1983.0,37.46667,-105.9
1293,US0245,4.939489999999999,0.0,0,100,1.0,0.0,1983.0,38.16667,-121.3
1294,US0249,3.55146,0.0,0,100,1.0,0.0,1983.0,31.68333,-83.98333
1295,US0250,19.352999999999998,0.0,0,100,1.0,0.0,1983.0,43.88139,-96.72833
1296,US0252,16.619699999999998,0.0,0,100,1.0,0.0,1984.0,39.5125,-121.17778
1297,US0259,11.94721,0.0,0,100,1.0,0.0,1984.0,36.94333,-89.345
1298,US0262,3.62392,0.0,0,100,1.0,0.0,1984.0,39.1375,-121.4
1299,US0267,18.354179999999996,0.0,0,100,1.0,0.0,1984.0,41.44944,-98.50083
1300,US0269,4.8956800000000005,0.0,0,100,1.0,0.0,1985.0,33.2825,-82.49722
1301,US0270,5.41983,0.0,0,100,1.0,0.0,1985.0,39.60639,-75.30889
1302,US0273,10.069790027129898,0.0,0,100,1.0,0.0,1985.0,46.35833,-111.29722
1303,US0280,14.21328,0.0,0,100,1.0,0.0,1985.0,43.1275,-84.90944
1304,US0282,6.225350000000001,0.0,0,100,1.0,0.0,1985.0,37.57806,-75.99278
1305,US0284,14.342970000000001,0.0,0,100,1.0,0.0,1985.0,46.95389,-117.55417
1306,US0285,16.862099999999998,0.0,0,100,1.0,0.0,1985.0,40.37361,-97.66389
1307,US0290,15.010969999999999,0.0,0,100,1.0,0.0,1985.0,29.14667,-100.43389
1308,US0293,10.76432,0.0,0,100,1.0,0.0,1986.0,30.98611,-98.14222
1309,US0295,8.02273,0.0,0,100,1.0,0.0,1986.0,43.35833,-112.28333
1310,US0299,9.71811,0.0,0,100,1.0,0.0,1986.0,41.48444,-103.96694
1311,US0300,10.704500000000001,0.0,0,100,1.0,0.0,1986.0,37.01778,-97.12083
1312,US0322,14.69423,0.0,0,100,1.0,0.0,1987.0,39.27722,-106.33167
1313,US0324,14.35061,0.0,0,100,1.0,0.0,1987.0,43.94028,-101.84806
1314,US0326,4.9365000000000006,0.0,0,100,1.0,0.0,1988.0,32.68361,-95.34722
1315,US0345,5.622280000000001,0.0,0,100,1.0,0.0,1989.0,37.4125,-101.03333
1316,US0348,10.276259999999997,0.0,0,100,1.0,0.0,1989.0,41.46639,-104.70833
1317,US0349,18.26425,0.0,0,100,1.0,0.0,1989.0,39.19278,-96.89111
1318,US0356,9.5202,0.0,0,100,1.0,0.0,1990.0,42.17694,-88.54917
1319,US0359,4.9912600000000005,0.0,0,100,1.0,0.0,1990.0,30.91417,-93.51556
1320,US0364,7.729639999999999,0.0,0,100,1.0,0.0,1991.0,35.03472,-103.81778
1321,US0370,15.388769855435298,0.0,0,100,1.0,0.0,1994.0,47.87778,-103.9675
1322,US0371,12.163440236205703,0.0,0,100,1.0,0.0,1995.0,47.69194,-104.65111
1323,US0372,19.041320337956197,0.0,0,100,1.0,0.0,1996.0,47.02444,-103.03472
1324,US0376,10.296472269034203,0.0,0,100,1.0,0.0,1998.0,46.22583,-105.66861
1325,US0383,26.753580540138998,0.0,0,100,1.0,0.0,2005.0,45.14944,-112.88111
1326,US0384,16.7203099184364,0.0,0,100,1.0,0.0,2005.0,48.35083,-109.96667
1327,US0387,8.923499809625397,0.0,0,100,1.0,0.0,2005.0,47.64806,-111.59083
1328,US0390,17.550860438447312,0.0,0,100,1.0,0.0,2005.0,48.14889,-106.59444
1329,US0392,8.0992799717567,0.0,0,100,1.0,0.0,2005.0,45.34444,-103.97778
1330,US0393,9.3149402510506,0.0,0,100,1.0,0.0,2005.0,48.43306,-110.92806
1331,US0396,9.307459936478502,0.0,0,100,1.0,0.0,2005.0,47.88694,-106.72528
1332,US0399,13.083960173608999,0.0,0,100,1.0,0.0,2005.0,48.45194,-107.23306
1333,UZ0001,6.96862,0.0,0,100,1.0,0.0,1964.0,39.83333,64.5
1334,UZ0003,12.45816,0.0,0,100,1.0,0.0,1964.0,39.13333,66.85
1335,UZ0004,6.66198,0.0,0,100,1.0,0.0,1974.0,39.66667,66.95
1336,UZ0007,3.2153599999999996,0.0,0,100,1.0,0.0,1974.0,41.26667,69.21667
1337,UZ0008,5.5298300000000005,0.0,0,100,1.0,0.0,1974.0,40.86667,62.4
1338,VE0002,10.359,0.0,0,100,1.0,0.0,1968.0,8.77,-69.98
1339,VE0003,16.3,0.0,0,100,1.0,0.0,1969.0,9.1,-71.73
1340,VE0004,1.0394,0.0,0,100,1.0,0.0,1969.0,11.25,-69.0
1341,VE0006,10.185,0.0,0,100,1.0,0.0,1970.0,9.81972,-71.0
1342,VE0008,7.517999999999999,0.0,0,100,1.0,0.0,1970.0,7.32972,-69.29
1343,VE0009,4.540500000000001,0.0,0,100,1.0,0.0,1970.0,10.21,-66.05
1344,VE0010,4.368,0.0,0,100,1.0,0.0,1970.0,7.55972,-69.13972
1345,VE0012,14.509,0.0,0,100,1.0,0.0,1970.0,7.34972,-69.29
1346,VE0013,7.1,0.0,0,100,1.0,0.0,1971.0,10.31972,-66.19972
1347,VE0014,3.15,0.0,0,100,1.0,0.0,1971.0,10.25,-64.4
1348,VE0015,2.52,0.0,0,100,1.0,0.0,1971.0,10.71,-71.08
1349,VE0017,7.15,0.0,0,100,1.0,0.0,1971.0,9.97972,-66.0
1350,VE0019,7.25,0.0,0,100,1.0,0.0,1971.0,11.02972,-70.86
1351,VE0020,7.8,0.0,0,100,1.0,0.0,1971.0,9.02972,-66.27972
1352,VE0022,1.6880000000000002,0.0,0,100,1.0,0.0,1971.0,11.60972,-71.95972
1353,VE0023,3.5,0.0,0,100,1.0,0.0,1971.0,11.35,-71.95972
1354,VE0024,8.094999999999999,0.0,0,100,1.0,0.0,1972.0,7.88,-67.62
1355,VE0025,11.855999999999998,0.0,0,100,1.0,0.0,1972.0,8.23972,-69.43
1356,VE0026,6.68,0.0,0,100,1.0,0.0,1972.0,7.84,-67.62
1357,VE0027,9.251000000000001,0.0,0,100,1.0,0.0,1972.0,8.21,-69.43
1358,VE0028,4.0635,0.0,0,100,1.0,0.0,1973.0,7.21972,-70.93
1359,VE0029,4.352,0.0,0,100,1.0,0.0,1974.0,10.52,-72.16
1360,VE0031,10.687000000000001,0.0,0,100,1.0,0.0,1974.0,9.06,-69.01972
1361,VE0032,10.955,0.0,0,100,1.0,0.0,1974.0,9.05,-69.93
1362,VE0035,11.0718,0.0,0,100,1.0,0.0,1976.0,9.82972,-63.08
1363,VE0036,11.1008,0.0,0,100,1.0,0.0,1976.0,9.75,-62.75
1364,VE0038,21.56,0.0,0,100,1.0,0.0,1977.0,10.27972,-67.38972
1365,VE0039,8.073,0.0,0,100,1.0,0.0,1977.0,9.75,-63.75
1366,VE0042,7.27016,0.0,0,100,1.0,0.0,1978.0,10.36389,-67.67028
1367,VE0043,8.245779999999998,0.0,0,100,1.0,0.0,1978.0,10.36389,-67.67028
1368,VE0046,11.12582,0.0,0,100,1.0,0.0,1978.0,10.34806,-67.68806
1369,VE0047,26.18,0.0,0,100,1.0,0.0,1978.0,7.19,-70.87972
1370,VE0048,3.388,0.0,0,100,1.0,0.0,1979.0,6.38,-67.33972
1371,VE0049,6.368000000000001,0.0,0,100,1.0,0.0,1979.0,7.11972,-70.61
1372,VE0051,6.273999999999999,0.0,0,100,1.0,0.0,1979.0,7.51972,-67.56972
1373,VE0052,4.612150000000001,0.0,0,100,1.0,0.0,1980.0,10.33972,-67.65194
1374,VE0054,10.553999999999998,0.0,0,100,1.0,0.0,1980.0,8.23972,-71.12972
1375,VE0055,5.941,0.0,0,100,1.0,0.0,1980.0,10.35,-68.62972
1376,VE0057,30.747,0.0,0,100,1.0,0.0,1980.0,8.22972,-71.12972
1377,VE0058,6.609999999999999,0.0,0,100,1.0,0.0,1980.0,9.64972,-70.97
1378,VE0059,2.3400000000000003,0.0,0,100,1.0,0.0,1981.0,10.26,-70.26972
1379,VE0060,18.78,0.0,0,100,1.0,0.0,1981.0,10.05,-65.16972
1380,VE0061,5.854,0.0,0,100,1.0,0.0,1981.0,10.32972,-63.5
1381,VE0062,29.456599999999998,0.0,0,100,1.0,0.0,1981.0,9.63,-66.66972
1382,VE0063,13.98,0.0,0,100,1.0,0.0,1981.0,10.61972,-66.4
1383,VE0064,10.357,0.0,0,100,1.0,0.0,1982.0,8.38,-65.9
1384,VE0065,44.62200000000001,0.0,0,100,1.0,0.0,1982.0,8.06972,-71.8
1385,VE0066,2.04,0.0,0,100,1.0,0.0,1982.0,8.82972,-62.91972
1386,VE0067,2.04,0.0,0,100,1.0,0.0,1982.0,9.07972,-63.83
1387,VE0068,2.64,0.0,0,100,1.0,0.0,1982.0,8.32972,-65.16972
1388,VE0069,8.0,0.0,0,100,1.0,0.0,1982.0,10.67,-63.25
1389,VE0070,9.685,0.0,0,100,1.0,0.0,1982.0,10.61972,-66.51
1390,VE0075,5.806,0.0,0,100,1.0,0.0,1982.0,10.57972,-63.29972
1391,VE0076,5.455,0.0,0,100,1.0,0.0,1982.0,10.25,-64.33
1392,VE0077,8.299999999999999,0.0,0,100,1.0,0.0,1982.0,9.84,-66.33
1393,VE0078,4.1489,0.0,0,100,1.0,0.0,1983.0,8.73333,-64.3
1394,VE0079,4.1864,0.0,0,100,1.0,0.0,1983.0,8.9,-64.25
1395,VE0081,11.1228,0.0,0,100,1.0,0.0,1983.0,8.61667,-72.66667
1396,VE0082,7.0632,0.0,0,100,1.0,0.0,1983.0,9.65,-68.98333
1397,VE0083,6.9713,0.0,0,100,1.0,0.0,1983.0,10.06667,-69.11667
1398,VE0084,6.7054599999999995,0.0,0,100,1.0,0.0,1983.0,10.28333,-67.61667
1399,VE0086,3.755,0.0,0,100,1.0,0.0,1985.0,10.46,-71.69
1400,VE0089,7.607500000000001,0.0,0,100,1.0,0.0,1986.0,9.26,-68.66
1401,VE0090,6.32,0.0,0,100,1.0,0.0,1986.0,9.53972,-70.52972
1402,VE0091,5.8095,0.0,0,100,1.0,0.0,1987.0,6.11972,-63.68
1403,VE0092,13.0235,0.0,0,100,1.0,0.0,1987.0,9.77972,-68.54
1404,VE0093,4.398999999999999,0.0,0,100,1.0,0.0,1987.0,7.44972,-63.13
1405,VE0102,7.8565000000000005,0.0,0,100,1.0,0.0,1987.0,9.72,-68.61
1406,VE0104,7.7703,0.0,0,100,1.0,0.0,1988.0,7.48,-65.65
1407,VE0111,2.4326999999999996,0.0,0,100,1.0,0.0,1988.0,9.97972,-65.23972
1408,VE0112,2.8509,0.0,0,100,1.0,0.0,1988.0,9.97972,-65.19
1409,VE0113,5.248,0.0,0,100,1.0,0.0,1988.0,6.25,-69.31972
1410,VE0114,10.217,0.0,0,100,1.0,0.0,1988.0,9.67,-70.45972
1411,VE0115,31.796400000000002,0.0,0,100,1.0,0.0,1988.0,9.97,-62.41972
1412,VE0116,31.6724,0.0,0,100,1.0,0.0,1988.0,9.97,-62.41972
1413,VE0123,4.6669,0.0,0,100,1.0,0.0,1989.0,6.57972,-66.91972
1414,VE0126,8.2674,0.0,0,100,1.0,0.0,1989.0,6.25,-64.98
1415,VE0127,6.594200000000002,0.0,0,100,1.0,0.0,1989.0,6.34972,-64.98
1416,VE0128,13.016000000000002,0.0,0,100,1.0,0.0,1989.0,10.31,-68.18
1417,VE0129,16.488,0.0,0,100,1.0,0.0,1989.0,10.31,-68.18
1418,VE0130,18.672,0.0,0,100,1.0,0.0,1989.0,9.67,-67.5
1419,VE0132,5.8468,0.0,0,100,1.0,0.0,1990.0,10.0,-63.24
1420,VE0140,9.50659,0.0,0,100,1.0,0.0,1990.0,9.05,-69.73333
1421,VE0141,18.387999999999998,0.0,0,100,1.0,0.0,1990.0,9.91667,-69.58333
1422,VE0142,17.998,0.0,0,100,1.0,0.0,1990.0,9.67,-67.69972
1423,VE0144,6.675000000000001,0.0,0,100,1.0,0.0,1990.0,10.32972,-66.62
1424,VE0146,10.067200000000001,0.0,0,100,1.0,0.0,1991.0,2.36972,-63.61972
1425,VE0147,6.4178999999999995,0.0,0,100,1.0,0.0,1991.0,2.81972,-65.93
1426,VE0151,8.732000000000001,0.0,0,100,1.0,0.0,1991.0,8.82972,-69.79
1427,VE0152,6.269500000000001,0.0,0,100,1.0,0.0,1991.0,9.14972,-65.22
1428,VE0153,5.4134,0.0,0,100,1.0,0.0,1991.0,9.14972,-63.22
1429,VE0154,5.502999999999999,0.0,0,100,1.0,0.0,1991.0,9.15972,-65.22
1430,VE0155,7.081499999999999,0.0,0,100,1.0,0.0,1992.0,3.5,-66.08
1431,VE0156,7.492500000000001,0.0,0,100,1.0,0.0,1992.0,4.3,-63.16972
1432,VE0159,7.14,0.0,0,100,1.0,0.0,1993.0,8.28972,-72.08
1433,VE0162,5.211,0.0,0,100,1.0,0.0,1993.0,9.26,-69.45972
1434,ZM0059,7.73602,0.0,0,100,1.0,0.0,1983.0,-11.86667,31.38333
1435,ZM0061,8.65132,0.0,0,100,1.0,0.0,1983.0,-13.6,28.06667
1436,ZM0062,7.86918,0.0,0,100,1.0,0.0,1983.0,-8.95,31.45
1437,ZM0063,4.16406,0.0,0,100,1.0,0.0,1983.0,-14.3,28.51667
1438,ZM0064,8.3259,0.0,0,100,1.0,0.0,1983.0,-15.38333,28.46667
1439,ZM0065,16.33185,0.0,0,100,1.0,0.0,1983.0,-14.71667,28.06667
1440,ZM0066,9.081360000000002,0.0,0,100,1.0,0.0,1983.0,-15.76667,27.91667
1441,ZM0067,6.18703,0.0,0,100,1.0,0.0,1984.0,-10.16667,31.16667
1442,ZM0068,8.1339,0.0,0,100,1.0,0.0,1984.0,-8.95,31.45
1443,ZM0069,8.01524,0.0,0,100,1.0,0.0,1984.0,-11.86667,31.38333
1444,ZM0070,5.819119999999999,0.0,0,100,1.0,0.0,1984.0,-12.31667,25.86667
1445,ZM0071,6.57028,0.0,0,100,1.0,0.0,1984.0,-12.6125,28.15
1446,ZM0072,6.02271,0.0,0,100,1.0,0.0,1984.0,-15.21667,23.15
1447,ZM0073,8.911840000000002,0.0,0,100,1.0,0.0,1984.0,-15.81667,27.75
1448,ZM0074,6.6061499999999995,0.0,0,100,1.0,0.0,1984.0,-10.16667,31.16667
1449,ZM0075,5.45662,0.0,0,100,1.0,0.0,1984.0,-10.16667,31.16667
1450,ZM0076,2.28747,0.0,0,100,1.0,0.0,1984.0,-17.83333,25.38333
1451,ZM0078,9.230879999999999,0.0,0,100,1.0,0.0,1984.0,-13.6,28.06667
1452,ZM0079,4.2795,0.0,0,100,1.0,0.0,1984.0,-14.3,28.51667
1453,ZM0080,8.579339999999998,0.0,0,100,1.0,0.0,1984.0,-15.38333,28.46667
1454,ZM0081,4.42296,0.0,0,100,1.0,0.0,1984.0,-14.41667,28.5
1455,ZM0082,5.521449999999999,0.0,0,100,1.0,0.0,1984.0,-13.66667,29.48333
1456,ZM0083,3.6009699999999993,0.0,0,100,1.0,0.0,1984.0,-17.83333,25.38333
1457,ZM0084,17.93859,0.0,0,100,1.0,0.0,1984.0,-14.71667,28.06667
1458,ZM0086,14.832759999999999,0.0,0,100,1.0,0.0,1984.0,-15.76667,27.91667
1459,ZW0035,7.152010000000001,0.0,0,100,1.0,0.0,1986.0,-18.25,31.66667
1460,ZW0036,8.94758,0.0,0,100,1.0,0.0,1986.0,-18.29028,32.75
1461,ZW0039,4.3443000000000005,0.0,0,100,1.0,0.0,1986.0,-20.03333,28.43111
1462,ZW0040,12.942789999999999,0.0,0,100,1.0,0.0,1986.0,-19.16667,32.83333
1463,ZW0041,6.48324,0.0,0,100,1.0,0.0,1986.0,-17.5,31.0
1464,ZW0043,8.0514,0.0,0,100,1.0,0.0,1986.0,-17.76,31.04444
1465,ZW0044,3.8318700000000003,0.0,0,100,1.0,0.0,1986.0,-20.41,28.50833
1466,ZW0045,2.1124700000000005,0.0,0,100,1.0,0.0,1986.0,-17.64722,30.48611
1467,ZW0047,3.35658,0.0,0,100,1.0,0.0,1986.0,-20.41139,28.50667
1468,ZW0049,34.68193,0.0,0,100,1.0,0.0,1986.0,-20.825,32.20417
1469,ZW0051,4.8064,0.0,0,100,1.0,0.0,1990.0,-17.8,31.05
1470,ZW0053,7.152010000000001,0.0,0,100,1.0,0.0,1991.0,-17.71667,31.08333
1471,ZW0056,8.94758,0.0,0,100,1.0,0.0,1991.0,-17.71667,31.08333
1472,ZW0057,3.8318700000000003,0.0,0,100,1.0,0.0,1991.0,-20.5,28.5
1473,ZW0058,4.3443000000000005,0.0,0,100,1.0,0.0,1991.0,-19.08333,28.26667
1474,ZW0059,6.48324,0.0,0,100,1.0,0.0,1991.0,-17.71667,31.08333
1475,ZW0060,12.942789999999999,0.0,0,100,1.0,0.0,1991.0,-18.08333,25.08333
1476,ZW0063,11.58268,0.0,0,100,1.0,0.0,1991.0,-17.71667,31.08333
